date,stock_name,stock_code,title,link,content
2023-12-05,株式会社ストックジャパン,,株式会社ストックジャパンに対する検査結果に基づく勧告について,https://www.fsa.go.jp/sesc/news/c_2023/2023/20231205-1.html,"English version 令和５年12月５日 証券取引等監視委員会 株式会社ストックジャパンに対する検査結果に基づく勧告について １．勧告の内容 関東財務局長が株式会社ストックジャパン（東京都品川区、法人番号8010401120108、代表取締役　河端　哲朗（注）、資本金1000万円、常勤役職員19名、投資助言・代理業）を検査した結果、下記のとおり、当該金融商品取引業者に係る問題が認められたので、本日、証券取引等監視委員会は、内閣総理大臣及び金融庁長官に対して、金融庁設置法第20条第１項の規定に基づき、行政処分を行うよう勧告した。 （注）令和５年10月10日付で代表取締役に就任（前代表取締役は有宗 良治氏）。 ２．事実関係 ○　 著しく事実に相違する表示のある広告をする行為等 株式会社ストックジャパン（以下「当社」という。）は、インターネット広告を通じて自社ウェブサイトに一般投資家を誘導し、無料会員登録をさせた上で、当該無料会員に対し、勧誘メールの送信や営業員の架電により投資顧問契約の締結の勧誘を行っている。 また、自社ウェブサイトには、「推奨銘柄の実績」として、当社が推奨した銘柄の「推奨日」、「推奨日始値」、「推奨後高値」、「株価変動率」を掲載している（掲載しているページを以下「本件推奨実績ページ」という）。 今回検査において、令和２年11月から同５年３月までの間の当社の広告、本件推奨実績ページの記載内容及び勧誘状況を確認したところ、以下の法令違反行為が認められた。 ①　 著しく事実に相違する表示のある広告をする行為等 当社は、自社ウェブサイト上の広告において、以下のとおり、利益の見込みについて著しく事実に相違する表示を行ったほか、事実であるかのように装うため法定帳簿に虚偽の内容を記載するなどした。 ア．当社と投資顧問契約を締結したという人物が、当社の助言により株で600万円以上の利益を得たという架空のエピソードを表示した（別紙参照）。 イ．上記ア．を記載しているページは当社の広告であるにもかかわらず、当社の商号や名称、登録番号が記載されていないなど、広告等における表示義務事項を表示していなかった。 ウ．上記ア．の人物と投資顧問契約を締結した事実は一切ないにもかかわらず、当社営業部長は、上記ア．の人物と投資顧問契約を締結し、複数回にわたり、助言が行われたとの虚偽の内容を法定帳簿に記載した。 ②　 著しく人を誤認させるような表示のある広告をする行為 当社は、本件推奨実績ページに掲載している推奨実績のうち、少なくとも10銘柄について、顧客に売り推奨を行った日付及び株価ではなく、買い推奨後の最も高値を付けた日付及び株価（推奨後高値）、当該株価を元に計算した株価変動率を記載しているものの、その点について本件推奨実績ページには一切記載しておらず、あたかも推奨後高値が当社が顧客に売り推奨を行った日付及び株価であるかのように記載している（別紙参照）。 なお、令和２年11月１日から同５年３月31日までの間、延べ3,697名が本件推奨実績ページを閲覧した。 また、当社は、自主規制機関である日本投資顧問業協会が令和元年10月及び同４年７月に行った監査において、本件推奨実績ページに関して、売り助言実績等を記載し、適正な表示を行うよう指導を受けていたにもかかわらず、何ら対応していない。 ③　 顧客に対し虚偽のことを告げる行為 当社は、投資顧問契約の締結の勧誘を行う際、顧客に割安感を与えるため、当社助言商品の勧誘用ウェブサイトページに「本来の投資顧問料」を「割引後の価格」として記載し、営業員から架電することで、延べ257件の契約を締結した（別紙参照）。 なお、当社の社内マニュアルには、実際には約定する意図のない価格を提示した上で値引きする旨のセールストークも記載されており、不適切な勧誘が組織的に行われていたと認められる。 上記①、②及び③の法令違反行為は、営業部門及びコンプライアンス部門のいずれも法令遵守意識が著しく欠如している中で、代表者が内部管理の有効性を主導的に確保しておらず、結果として顧客獲得を優先する営業部門に対する内部管理部門による内部牽制が十分に機能していなかったことにより発生したものと認められる。 当社の上記①ア．及び②の行為は、金融商品取引業に関する広告において、利益の見込みについて著しく事実に相違する表示及び助言実績について著しく人を誤認させるような表示を行うものであり、金融商品取引法第37条第２項に違反し、上記①イ．の行為は、同法第37条第１項に違反する。 また、同ウ．の行為は、法令で定める帳簿書類に虚偽の記載を行ったものであり、同法第47条に違反する。 さらに、上記③の行為は、金融商品取引契約の締結又はその勧誘に関して、顧客に対し虚偽のことを告げる行為であり、同法第38条第１号に該当するものと認められる。 別紙 ①　当社と投資顧問契約を締結したという人物の架空のエピソードの例 ・有料コンテンツのほうも試してみましたが、こちらは投資顧問料を支払って十分に利益が出る、納得の内容でした。最初の銘柄の取り組みでまず顧問料がペイできました。 ・最初はズルズル含み損が400万円超まで増えたダメ人間です。株のことを誰に聞いたらいいかすらわからず、路頭に迷っていました。そんな私でも先月は、株の利益が600万円を越えました。 ②　当社が行った著しく人を誤認させるような表示のある広告の例 ○　本件推奨実績ページにおける記載 銘柄名　　　△△△（△△△には個別銘柄名を記載） 推奨日　　　2022年05月31日　推奨日始値　1,623円 推奨後高値　2022年09月15日　3,190円 株価変動率　＋97％ ※　顧客に対して行った実際の助言内容 銘柄名　　　△△△ 買い推奨日　2022年06月03日　1,600円 売り推奨日　2022年06月16日　1,620円 ③　当社が行った虚偽告知の例 イ．「○○○　迎春お年玉銘柄」 718,000円　⇒　50％OFF　359,000円（お年玉特価） ※　本来の投資顧問料は359,000円 ロ．「初参加者限定　●●●　テンバガープロジェクト！！ 投資元本10倍以上期待」 100万円　⇒　50万円 ※　本来の投資顧問料は50万円 （参考条文） ○　金融商品取引法（昭和23年法律第25号）（抄） （広告等の規制） 第三十七条　金融商品取引業者等は、その行う金融商品取引業の内容について広告その他これに類似するものとして内閣府令で定める行為をするときは、内閣府令で定めるところにより、次に掲げる事項を表示しなければならない。 一　当該金融商品取引業者等の商号、名称又は氏名 二　金融商品取引業者等である旨及び当該金融商品取引業者等の登録番号 三　当該金融商品取引業者等の行う金融商品取引業の内容に関する事項であつて、顧客の判断に影響を及ぼすこととなる重要なものとして政令で定めるもの ２　金融商品取引業者等は、その行う金融商品取引業に関して広告その他これに類似するものとして内閣府令で定める行為をするときは、金融商品取引行為を行うことによる利益の見込みその他内閣府令で定める事項について、著しく事実に相違する表示をし、又は著しく人を誤認させるような表示をしてはならない。 （禁止行為） 第三十八条　金融商品取引業者等又はその役員若しくは使用人は、次に掲げる行為をしてはならない。ただし、第四号から第六号までに掲げる行為にあつては、投資者の保護に欠け、取引の公正を害し、又は金融商品取引業の信用を失墜させるおそれのないものとして内閣府令で定めるものを除く。 一　金融商品取引契約の締結又はその勧誘に関して、顧客に対し虚偽のことを告げる行為 二～九　（略） （業務に関する帳簿書類） 第四十七条　金融商品取引業者（第一種金融商品取引業を行う者を除く。以下この款において同じ。）は、内閣府令で定めるところにより、その業務に関する帳簿書類を作成し、これを保存しなければならない。 〇　金融商品取引業等に関する内閣府令（平成19年内閣府令第52号）（抄） （誇大広告をしてはならない事項） 第七十八条　法第三十七条第二項に規定する内閣府令で定める事項は、次に掲げる事項とする。 一～五　（略） 六　金融商品取引業者等の金融商品取引業（登録金融機関にあっては、登録金融機関業務）の実績に関する事項 七～十四　（略） （業務に関する帳簿書類） 第百五十七条　法第四十六条の二の規定により金融商品取引業者（第一種金融商品取引業を行う者に限る。以下この款において同じ。）が作成すべき帳簿書類は、次に掲げるものとする。 一～十五の二　（略） 十六　投資助言・代理業を行う者であるときは、次に掲げるもの イ　その締結した投資顧問契約の内容を記載した書面 ロ　投資顧問契約に基づく助言の内容を記載した書面 ハ　（略） ニ　投資顧問契約又は投資一任契約の締結の代理又は媒介に係る取引記録 十七・十八　（略） ２・３　（略） （業務に関する帳簿書類） 第百八十一条　法第四十七条の規定により金融商品取引業者（第一種金融商品取引業を行う者を除く。以下この款において同じ。）が作成すべき帳簿書類は、次に掲げるものとする。 一・二　（略） 三　投資助言・代理業を行う者であるときは、第百五十七条第一項第十六号に掲げる帳簿書類 四・五　（略） ２～４　（略）"
2023-12-15,株式会社ＳＢＩ証券,,株式会社ＳＢＩ証券に対する検査結果に基づく勧告について,https://www.fsa.go.jp/sesc/news/c_2023/2023/20231215-2.html,"English version 令和５年12月15日 証券取引等監視委員会 株式会社ＳＢＩ証券に対する検査結果に基づく勧告について １．勧告の内容 証券取引等監視委員会が株式会社ＳＢＩ証券（東京都港区、法人番号3010401049814、代表取締役社長　髙村　正人、資本金483.23億円、常勤役職員1,067名、第一種金融商品取引業、第二種金融商品取引業、投資助言・代理業）を検査した結果、下記のとおり、当該金融商品取引業者に係る問題が認められたので、本日、証券取引等監視委員会は、内閣総理大臣及び金融庁長官に対して、金融庁設置法第20条第１項の規定に基づき、行政処分を行うよう勧告した。 ２．事実関係 ○　取引所金融商品市場における上場金融商品の相場を変動等させることにより実勢を反映しない作為的なものとなることを知りながら、当該上場金融商品に係る買付けの受託等をする行為 株式会社ＳＢＩ証券（以下「当社」という。）執行役員兼機関投資家営業部長及びＩＦＡビジネス部（当時）管掌執行役員らは、令和２年12月から同３年９月までの間において、その業務に関し、新規上場の際の株式公募に当たり当社が引受主幹事会社を務めた３銘柄の新規上場株式について、当該株式の初値を公募価格以上に変動させ、若しくはくぎ付けし、固定し、若しくは安定（以下「変動等」という。）させるために、エクイティ・キャピタル・マーケット部（当時）管掌常務取締役や執行役員と相談し、上場日当日の寄付前までに出て来ると予想される売付注文数に見合う買付注文数を目標として設定するなどした上で、当社の香港現地法人の社員（機関投資家営業部員が兼務）及びＩＦＡビジネス部員等に対し、顧客に公募価格と同価格の指値で当該株式の買付けを行うことを勧誘し、各銘柄の上場日当日の寄付前までに当該買付注文を受託するよう、各銘柄の上場日の遅くとも二営業日前までにかけて指示又は依頼を行った。 これを受け、当該ＩＦＡビジネス部員は、当社を所属金融商品取引業者とする金融商品仲介業者に対して上記指示の内容を依頼し、上記指示又は依頼を受けた香港現地法人の社員及び金融商品仲介業者３社は、顧客に対し、公募価格と同価格の指値で当該株式の買付けを行うことを勧誘した。 これにより、当社は、顧客（機関投資家９社及び一般投資家174者）から、当該株式の相場を変動等させることにより実勢を反映しない作為的なものとなることを知りながら、各銘柄の上場日当日の寄付前までに公募価格を指値とした買付注文（３銘柄合計225万6600株）を直接又は当社の香港現地法人経由で受託・執行した。 上記行為は、金融商品取引法第38条第９号に基づく金融商品取引業等に関する内閣府令第117条第１項第20号に違反するものと認められる。 参考資料(PDF:200KB) （参考条文） ○　金融商品取引法（昭和23年法律第25号）（抄） （禁止行為） 第三十八条　金融商品取引業者等又はその役員若しくは使用人は、次に掲げる行為をしてはならない。ただし、第四号から第六号までに掲げる行為にあつては、投資者の保護に欠け、取引の公正を害し、又は金融商品取引業の信用を失墜させるおそれのないものとして内閣府令で定めるものを除く。 一～八　（略） 九　前各号に掲げるもののほか、投資者の保護に欠け、若しくは取引の公正を害し、又は金融商品取引業の信用を失墜させるものとして内閣府令で定める行為 ○　金融商品取引業等に関する内閣府令（平成19年内閣府令第52号）（抄） （禁止行為） 第百十七条　法第三十八条第九号に規定する内閣府令で定める行為は、次に掲げる行為とする。 一～十九　（略） 二十　取引所金融商品市場における上場金融商品等又は店頭売買有価証券市場における店頭売買有価証券の相場若しくは相場若しくは取引高に基づいて算出した数値を変動させ、若しくはくぎ付けし、固定し、若しくは安定させ、又は取引高を増加させることにより実勢を反映しない作為的なものとなることを知りながら、当該上場金融商品等又は当該店頭売買有価証券に係る買付け若しくは売付け又はデリバティブ取引（有価証券等清算取次ぎを除く。）の受託等をする行為 二十一～五十　（略） ２～５６　（略）"
2023-12-08,大平洋金属株式会社,5541,海外に居住する個人による大平洋金属株式会社株式ほか１銘柄に係る相場操縦に対する課徴金納付命令の勧告について,https://www.fsa.go.jp/sesc/news/c_2023/2023/20231208-1.html,English version 令和５年１２月８日 証券取引等監視委員会 海外に居住する個人による大平洋金属株式会社株式ほか１銘柄に係る相場操縦に対する課徴金納付命令の勧告について １．勧告の内容 証券取引等監視委員会は、海外居住の個人による大平洋金属株式会社株式ほか１銘柄に係る相場操縦について検査した結果、下記のとおり法令違反の事実が認められたので、本日、内閣総理大臣及び金融庁長官に対して、金融庁設置法第２０条第１項の規定に基づき、課徴金納付命令を発出するよう勧告を行った。 ２．法令違反の事実関係 課徴金納付命令対象者（中国居住）は、海外銀行甲との間で、日本株式を原資産とする店頭デリバティブ取引である証券ＣＦＤ取引を行い、同取引の注文を受けた海外銀行甲において、証券会社グループ乙を介して、証券ＣＦＤ取引に係る注文と同内容の日本株式の売買の注文を即時に株式会社東京証券取引所（以下「東京証券取引所」という。）が開設する金融商品市場（市場第一部）等に発注していたものであるが、 ①　東京証券取引所市場第一部に上場されていた大平洋金属株式会社（以下「大平洋金属」という。）の株式につき、同株式の売買を誘引する目的をもって、 別表１ 記載のとおり、令和元年９月４日午前１０時１６分４０秒頃から同月５日午後１時３５分２７秒頃までの間、合計２取引日にわたり、海外銀行甲に対して大平洋金属株式を原資産とする証券ＣＦＤ取引の申込みを行い、海外銀行甲等を介して、最良売り気配付近に複数の売り注文を重層的に入れて売り板を厚くした上で、同株式を下値で買い付けた後、最良売り気配付近に発注していた複数の売り注文を取り消して売り板を薄くするとともに、最良買い気配付近に複数の買い注文を重層的に入れて買い板を厚くした上で、同株式を上値で売り付けることを交互に繰り返すなどの方法により、同株式合計４万２５００株の買い注文に係る証券ＣＦＤ取引の申込みを行うとともに、同株式合計４万４９００株の売り注文に係る証券ＣＦＤ取引を行う一方、同株式合計３万８７００株の売り注文に係る証券ＣＦＤ取引の申込みを行うとともに、同株式合計５万５１００株の買い注文に係る証券ＣＦＤ取引を行い、 ②　東京証券取引所市場第一部に上場されていたノーリツ鋼機株式会社（以下「ノーリツ鋼機」という。）の株式につき、同株式の売買を誘引する目的をもって、 別表１ 記載のとおり、令和元年９月６日午前９時５０分４５秒頃から同日午後１時５分１７秒頃までの間、海外銀行甲に対してノーリツ鋼機株式を原資産とする証券ＣＦＤ取引の申込みを行い、海外銀行甲等を介して、最良売り気配付近に複数の売り注文を重層的に入れて売り板を厚くした上で、同株式を下値で買い付けた後、最良売り気配付近に発注していた複数の売り注文を取り消して売り板を薄くするとともに、最良買い気配付近に複数の買い注文を重層的に入れて買い板を厚くした上で、同株式を上値で売り付けることを交互に繰り返すなどの方法により、同株式合計５万９６００株の買い注文に係る証券ＣＦＤ取引の申込みを行うとともに、同株式合計４万５２００株の売り注文に係る証券ＣＦＤ取引を行う一方、同株式合計９０００株の売り注文に係る証券ＣＦＤ取引の申込みを行うとともに、同株式合計４万３２００株の買い注文に係る証券ＣＦＤ取引を行い、 もって、自己の計算において、上記各株式の売買が繁盛であると誤解させ、かつ、上記各株式の相場を変動させるべき一連の店頭デリバティブ取引及びその申込みをしたものである。 違反行為事実の概要については、 下記概要図 のとおり。 課徴金納付命令対象者が行った上記の行為は、金融商品取引法（以下「金商法」という。）第１７４条の２第１項に規定する「第１５９条第２項第１号の規定に違反する一連の有価証券売買等」及び「その申込み」に該当すると認められる。 ３．課徴金の額の計算 上記の各違法行為に対し金商法に基づき納付を命じられる課徴金の額の合計は、２８１万円である。 計算方法の詳細については、 別紙 のとおり。 ※　違反行為に係る売付け等の価額及び買付け等の価額の詳細については、 別表２ を参照。 ４．その他 本件については、カナダブリティッシュコロンビア州、ケイマン諸島、中華人民共和国、デンマーク、香港、ハンガリー、カナダオンタリオ州、英国の各金融規制当局（British Columbia Securities Commission、Cayman Islands Monetary Authority、China Securities Regulatory Commission、Danish Financial Supervisory Authority、Hong Kong Securities and Futures Commission、Hungary Magyar Nemzeti Bank、 Ontario Securities Commission、the United Kingdom Financial Conduct Authority）から支援を受けている。 また、日本取引所自主規制法人から提供された情報等も参考として、実態解明を行ったものである。 （ 概要図）
2023-11-28,株式会社フジオフードグループ本社,2752,株式会社フジオフードグループ本社における有価証券報告書等の虚偽記載に係る課徴金納付命令勧告について,https://www.fsa.go.jp/sesc/news/c_2023/2023/20231128-1.html,"English version 令和５年11月28日 証券取引等監視委員会 株式会社フジオフードグループ本社における有価証券報告書等の虚偽記載に係る課徴金納付命令勧告について １．勧告の内容 証券取引等監視委員会は、株式会社フジオフードグループ本社（法人番号2120001093715）（以下「当社」という。）における金融商品取引法に基づく開示規制の違反について検査した結果、以下のとおり法令違反の事実が認められたので、本日、内閣総理大臣及び金融庁長官に対して、金融庁設置法第20条第１項の規定に基づき、課徴金納付命令を発出するよう勧告を行った。 ２．法令違反の事実関係 当社及び当社の連結子会社は、助成金収入の過大計上等の不適正な会計処理を行った。 この結果、当社は、近畿財務局長に対し、金融商品取引法第172条の４第１項及び第２項に規定する「重要な事項につき虚偽の記載」がある以下の有価証券報告書及び四半期報告書を提出した（「重要な事項につき虚偽の記載」の内容は別紙１の表の番号１から番号４のとおり）。 ・令和３年９月第３四半期四半期報告書（令和３年11月12日提出） ・令和３年12月期有価証券報告書（令和４年３月30日提出） ・令和４年３月第１四半期四半期報告書（令和４年５月13日提出） ・令和４年６月第２四半期四半期報告書（令和４年８月12日提出） ３．課徴金の額の計算 上記の違法行為について金融商品取引法に基づき算定される課徴金の額は、1,200万円である（計算方法については別紙２のとおり）。 【別紙１】有価証券報告書等の虚偽記載内容 番号 対象書類 虚偽記載 提出日 書類 会計期間 記載項目 主な内容（注） 主な事由 １ 令和３年11月12日 第23期第３四半期（令和３年７月１日～同年９月30日）に係る四半期報告書 令和３年１月１日～同年９月30日の第３四半期連結累計期間 四半期連結 損益計算書 親会社株主に帰属する四半期純利益が 472百万円であるところを 944百万円と記載 助成金収入の過大計上 ２ 令和４年３月30日 第23期（令和３年１月１日～同年12月31日）に係る有価証券報告書 令和３年１月１日～同年12月31日の連結会計期間 連結 損益計算書 親会社株主に帰属する当期純利益が ▲489百万円であるところを 709百万円と記載 助成金収入の過大計上 連結 貸借対照表 連結純資産額が 3,925百万円であるところを 5,123百万円と記載 ３ 令和４年５月13日 第24期第１四半期（令和４年１月１日～同年３月31日）に係る四半期報告書 令和４年１月１日～同年３月31日の第１四半期連結会計期間 四半期連結 貸借対照表 連結純資産額が 3,408百万円であるところを 4,598百万円と記載 当四半期前の助成金収入の過大計上 ４ 令和４年８月12日 第24期第２四半期（令和４年４月１日～同年６月30日）に係る四半期報告書 令和４年４月１日～同年６月30日の第２四半期連結会計期間 四半期連結 貸借対照表 連結純資産額が 3,574百万円であるところを 4,749百万円と記載 当四半期前の助成金収入の過大計上 （注）金額は百万円未満切捨てである。 【別紙２】課徴金の計算方法 （１）　金融商品取引法第172条の４第１項及び第２項の規定により、令和３年９月第３四半期四半期報告書及び令和３年12月期有価証券報告書ごとに算出した額（以下(１)において「個別決定ごとの算出額」という。）は、 ア　当社が発行する算定基準有価証券の市場価額の総額に10万分の６を乗じて得た額 ・令和３年９月第３四半期四半期報告書に係る額　　　　3,598,429円 ・令和３年12月期有価証券報告書に係る額　　　　　　  3,622,883円 が、いずれも イ　6,000,000円 を超えないことから、 ・令和３年９月第３四半期四半期報告書については、6,000,000円の２分の１に相当する額である3,000,000円 ・令和３年12月期有価証券報告書については、6,000,000円 となる。 ここで、これらの開示書類が同一の事業年度に係るものであることから、金融商品取引法第185条の７第６項の規定により、6,000,000円を個別決定ごとの算出額に応じて按分した下記の金額が、これらの開示書類に係る課徴金の額となる。 ・令和３年９月第３四半期四半期報告書に係る課徴金の額は、2,000,000円 ・令和３年12月期有価証券報告書に係る課徴金の額は、4,000,000円 （２）　金融商品取引法第172条の４第２項の規定により、令和４年３月第１四半期四半期報告書及び令和４年６月第２四半期四半期報告書ごとに算出した額は、 ア　当社が発行する算定基準有価証券の市場価額の総額に10万分の６を乗じて得た額 ・令和４年３月第１四半期四半期報告書に係る額   　　　3,509,185円 ・令和４年６月第２四半期四半期報告書に係る額   　　　3,631,599円 が、いずれも イ　6,000,000円 を超えないことから、 ・令和４年３月第１四半期四半期報告書に係る課徴金の額は、6,000,000円の２分の１に相当する額である3,000,000円 ・令和４年６月第２四半期四半期報告書に係る課徴金の額は、6,000,000円の２分の１に相当する額である3,000,000円 となる。"
2023-12-15,株式会社アマナ,,株式会社アマナにおける有価証券報告書等の虚偽記載に係る課徴金納付命令勧告について,https://www.fsa.go.jp/sesc/news/c_2023/2023/20231215-1.html,"English version 令和５年12月15日 証券取引等監視委員会 株式会社アマナにおける有価証券報告書等の虚偽記載に係る課徴金納付命令勧告について １．勧告の内容 証券取引等監視委員会は、株式会社アマナ（法人番号1010701000676）（以下「当社」という。）における金融商品取引法に基づく開示規制の違反について検査した結果、以下のとおり法令違反の事実が認められたので、本日、内閣総理大臣及び金融庁長官に対して、金融庁設置法第20条第１項の規定に基づき、課徴金納付命令を発出するよう勧告を行った。 ２．法令違反の事実関係 当社は、売上及び売上原価の過大計上の不適正な会計処理を行った。 この結果、当社は、関東財務局長に対し、金融商品取引法第172条の４第１項及び第２項に規定する「重要な事項につき虚偽の記載」がある以下の有価証券報告書、四半期報告書、有価証券報告書の訂正報告書及び四半期報告書の訂正報告書を提出した（「重要な事項につき虚偽の記載」の内容は別紙１の表の番号１から番号19のとおり）。 ・平成30年12月期有価証券報告書の訂正報告書（令和４年８月22日提出） ・令和元年12月期有価証券報告書（令和２年３月31日提出）※ ・令和元年12月期有価証券報告書の訂正報告書（令和４年８月22日提出） ・令和２年６月第２四半期四半期報告書の訂正報告書（令和４年８月22日提出） ・令和２年９月第３四半期四半期報告書（令和２年12月23日提出） ・令和２年９月第３四半期四半期報告書の訂正報告書（令和４年８月22日提出） ・令和２年12月期有価証券報告書（令和３年３月31日提出） ・令和２年12月期有価証券報告書の訂正報告書（令和４年８月22日提出） ・令和３年３月第１四半期四半期報告書（令和３年５月14日提出） ・令和３年３月第１四半期四半期報告書の訂正報告書（令和４年８月22日提出） ・令和３年６月第２四半期四半期報告書（令和３年８月13日提出） ・令和３年６月第２四半期四半期報告書の訂正報告書（令和４年８月22日提出） ・令和３年９月第３四半期四半期報告書（令和３年11月12日提出） ・令和３年９月第３四半期四半期報告書の訂正報告書（令和４年８月22日提出） ・令和３年12月期有価証券報告書（令和４年３月30日提出） ・令和３年12月期有価証券報告書の訂正報告書（令和４年８月22日提出） ・令和４年３月第１四半期四半期報告書（令和４年５月13日提出） ・令和４年６月第２四半期四半期報告書（令和４年８月15日提出） ・令和４年９月第３四半期四半期報告書（令和４年11月11日提出） ※金融商品取引法第185条の７第７項ただし書の規定により、課徴金の納付を命ずることができない。 なお、当社が提出した以下の有価証券報告書及び四半期報告書についても、重要な事項につき虚偽の記載があるものと認められたが、これらの開示書類は、令和４年12月12日付けで課徴金の納付命令の決定をしている開示書類に係るものであるため、課徴金納付命令の発出に係る勧告の対象とはならない。 ・平成30年12月期有価証券報告書（平成31年３月25日提出） ・令和元年６月第２四半期四半期報告書（令和元年８月９日提出） ・令和元年９月第３四半期四半期報告書（令和元年11月14日提出） ・令和２年６月第２四半期四半期報告書（令和２年８月14日提出） ３．課徴金の額の計算 上記の違法行為について金融商品取引法に基づき算定される課徴金の額は、3,800万円である（計算方法については別紙２のとおり）。 【別紙１】有価証券報告書等の虚偽記載内容 番号 対象書類 虚偽記載 提出日 書類 会計期間 記載項目 主な内容（注） 主な事由 １ 令和４年 ８月22日 第49期（平成30年１月１日～同年12月31日）に係る有価証券報告書の訂正報告書 平成30年１月１日～同年12月31日の連結会計期間 連結 損益計算書 親会社株主に帰属する当期純利益が ▲64,264千円であるところを ▲6,995千円と記載 売上の過大計上 ２ 令和２年 ３月31日 第50期（平成31年１月１日～令和元年12月31日）に係る有価証券報告書 平成31年１月１日～令和元年12月31日の連結会計期間 連結 損益計算書 親会社株主に帰属する当期純利益が ▲299,606千円であるところを ▲223,806千円と記載 売上及び売上原価の過大計上 ３ 令和４年 ８月22日 第50期（平成31年１月１日～令和元年12月31日）に係る有価証券報告書の訂正報告書 平成31年１月１日～令和元年12月31日の連結会計期間 連結 損益計算書 経常利益が ▲80,241千円であるところを 14,323千円と記載 売上及び売上原価の過大計上 ４ 令和４年 ８月22日 第51期第２四半期（令和２年４月１日～同年６月30日）に係る四半期報告書の訂正報告書 令和２年４月１日～同年６月30日の第２四半期連結会計期間 四半期連結貸借対照表 連結純資産額が ▲434,364千円であるところを ▲276,299千円と記載 当四半期前の売上及び売上原価の過大計上 ５ 令和２年12月23日 第51期第３四半期（令和２年７月１日～同年９月30日）に係る四半期報告書 令和２年7月１日～同年９月30日の第３四半期連結会計期間 四半期連結貸借対照表 連結純資産額が ▲930,214千円であるところを ▲767,392千円と記載 当四半期前の売上及び売上原価の過大計上 ６ 令和４年 ８月22日 第51期第３四半期（令和２年７月１日～同年９月30日）に係る四半期報告書の訂正報告書 令和２年7月１日～同年９月30日の第３四半期連結会計期間 四半期連結貸借対照表 連結純資産額が ▲930,214千円であるところを ▲767,392千円と記載 当四半期前の売上及び売上原価の過大計上 ７ 令和３年 ３月31日 第51期（令和２年１月１日～同年12月31日）に係る有価証券報告書 令和２年１月１日～同年12月31日の連結会計期間 連結 貸借対照表 連結純資産額が ▲983,606千円であるところを ▲802,948千円と記載 当期前の売上及び売上原価の過大計上 ８ 令和４年 ８月22日 第51期（令和２年１月１日～同年12月31日）に係る有価証券報告書の訂正報告書 令和２年１月１日～同年12月31日の連結会計期間 連結 貸借対照表 連結純資産額が ▲983,606千円であるところを ▲802,948千円と記載 当期前の売上及び売上原価の過大計上 ９ 令和３年 ５月14日 第52期第１四半期（令和３年１月１日～同年３月31日）に係る四半期報告書 令和３年１月１日～同年３月31日の第１四半期連結会計期間 四半期連結 貸借対照表 連結純資産額が ▲947,897千円であるところを ▲761,221千円と記載 当四半期前の売上及び売上原価の過大計上 10 令和４年 ８月22日 第52期第１四半期（令和３年１月１日～同年３月31日）に係る四半期報告書の訂正報告書 令和３年１月１日～同年３月31日の第１四半期連結会計期間 四半期連結 貸借対照表 連結純資産額が ▲947,897千円であるところを ▲761,221千円と記載 当四半期前の売上及び売上原価の過大計上 11 令和３年 ８月13日 第52期第２四半期（令和３年４月１日～同年６月30日）に係る四半期報告書 令和３年４月１日～同年６月30日の第２四半期連結会計期間 四半期連結 貸借対照表 連結純資産額が ▲972,045千円であるところを ▲772,547千円と記載 当四半期前の売上及び売上原価の過大計上 12 令和４年 ８月22日 第52期第２四半期（令和３年４月１日～同年６月30日）に係る四半期報告書の訂正報告書 令和３年４月１日～同年６月30日の第２四半期連結会計期間 四半期連結 貸借対照表 連結純資産額が ▲972,045千円であるところを ▲772,547千円と記載 当四半期前の売上及び売上原価の過大計上 13 令和３年 11月12日 第52期第３四半期（令和３年７月１日～同年９月30日）に係る四半期報告書 令和３年１月１日～同年９月30日の第３四半期連結累計期間 四半期連結 損益計算書 親会社株主に帰属する四半期純利益が ▲311,965千円であるところを ▲260,755千円と記載 売上及び売上原価の過大計上 令和３年７月１日～同年９月30日の第３四半期連結会計期間 四半期連結 貸借対照表 連結純資産額が ▲198,707千円であるところを 33,159千円と記載 14 令和４年 ８月22日 第52期第３四半期（令和３年７月１日～同年９月30日）に係る四半期報告書の訂正報告書 令和３年７月１日～同年９月30日の第３四半期連結会計期間 四半期連結 貸借対照表 連結純資産額が ▲198,707千円であるところを 33,159千円と記載 当四半期前の売上及び売上原価の過大計上 15 令和４年 ３月30日 第52期(令和３年１月１日～同年12月31日）に係る有価証券報告書 令和３年１月１日～同年12月31日の連結会計期間 連結 損益計算書 親会社株主に帰属する当期純利益が ▲22,305千円であるところを 82,507千円と記載 売上及び売上原価の過大計上 連結 貸借対照表 連結純資産額が 90,321千円である ところを 375,791千円と記載 16 令和４年 ８月22日 第52期(令和３年１月１日～同年12月31日）に係る有価証券報告書の訂正報告書 令和３年１月１日～同年12月31日の連結会計期間 連結 損益計算書 親会社株主に帰属する当期純利益が ▲22,305千円であるところを 82,507千円と記載 売上及び売上原価の過大計上 連結 貸借対照表 連結純資産額が 90,321千円である ところを 375,791千円と記載 17 令和４年 ５月13日 第53期第１四半期（令和４年１月１日～同年３月31日）に係る四半期報告書 令和４年１月１日～同年３月31日の第１四半期連結会計期間 四半期連結 貸借対照表 連結純資産額が ▲180,125千円であるところを 120,809千円と記載 当四半期前の売上及び売上原価の過大計上 18 令和４年 ８月15日 第53期第２四半期（令和４年４月１日～同年６月30日）に係る四半期報告書 令和４年１月１日～同年６月30日の第２四半期連結累計期間 四半期連結 損益計算書 親会社株主に帰属する四半期純利益が ▲208,754千円であるところを ▲157,159千円と記載 売上及び売上原価の過大計上 令和４年４月１日～同年６月30日の第２四半期連結会計期間 四半期連結 貸借対照表 連結純資産額が ▲196,225千円であるところを 140,838千円と記載 19 令和４年 11月11日 第53期第３四半期（令和４年７月１日～同年９月30日）に係る四半期報告書 令和４年１月１日～同年９月30日の第３四半期連結累計期間 四半期連結 損益計算書 親会社株主に帰属する四半期純利益が ▲591,818千円であるところを ▲535,969千円と記載 売上及び売上原価の過大計上 令和４年７月１日～同年９月30日の第３四半期連結会計期間 四半期連結 貸借対照表 連結純資産額が ▲595,710千円であるところを ▲254,391千円と記載 （注）金額は千円未満切捨てである。 【別紙２】課徴金の計算方法 （１）　金融商品取引法第172条の４第１項の規定により、平成30年12月期有価証券報告書の訂正報告書について算出した課徴金の額は、当社が発行する算定基準有価証券の市場価額の総額に10万分の６を乗じて得た額264,825円が、6,000,000円を超えないことから、6,000,000円となる。 （２）　金融商品取引法第172条の４第１項の規定により、令和元年12月期有価証券報告書の訂正報告書について算出した課徴金の額は、当社が発行する算定基準有価証券の市場価額の総額に10万分の６を乗じて得た額244,268円が、6,000,000円を超えないことから、6,000,000円となる。 （３）　金融商品取引法第172条の４第１項及び第２項の規定により、令和２年９月第３四半期四半期報告書及び令和２年12月期有価証券報告書ごとに算出した額（以下（３）において「個別決定ごとの算出額」という。）は、 ア　当社が発行する算定基準有価証券の市場価額の総額に10万分の６を乗じて得た額 ・令和２年９月第３四半期四半期報告書に係る額　　207,597円 ・令和２年12月期有価証券報告書に係る額　　　　  211,107円 が、いずれも イ　6,000,000円 を超えないことから、 ・令和２年９月第３四半期四半期報告書については、6,000,000円の２分の１に相当する額である3,000,000円 ・令和２年12月期有価証券報告書については、6,000,000円 となる。 ここで、これらの開示書類が、いずれも既に金融商品取引法第185条の７第１項の規定により一以上の課徴金の納付命令の決定（令和４年12月12日付け、第51期事業年度第２四半期（令和２年４月１日から同年６月30日まで）に係る四半期報告書に対する課徴金の納付命令の決定。以下（３）において「既決定」という。）がされた当社の継続開示書類と同一の事業年度の継続開示書類における一以上の課徴金の納付命令の決定に係るものであることから、金融商品取引法第185条の７第７項の規定により、同項第１号によって算出した額6,000,000円から同項第２号によって算出した既決定に係る課徴金の額を合計した額3,000,000円を控除した額3,000,000円を個別決定ごとの算出額に応じて按分した下記の金額が、これらの開示書類となる。 ・令和２年９月第３四半期四半期報告書に係る課徴金の額は、1,000,000円 ・令和２年12月期有価証券報告書に係る課徴金の額は、2,000,000円 （４）　金融商品取引法第172条の４第１項及び第２項の規定により、令和２年６月第２四半期四半期報告書の訂正報告書、令和２年９月第３四半期四半期報告書の訂正報告書及び令和２年12月期有価証券報告書の訂正報告書ごとに算出した額（以下（４）において「個別決定ごとの算出額」という。）は、 ア　当社が発行する算定基準有価証券の市場価額の総額に10万分の６を乗じて得た額 ・令和２年６月第２四半期四半期報告書の訂正報告書に係る額　　194,725円 ・令和２年９月第３四半期四半期報告書の訂正報告書に係る額　　207,597円 ・令和２年12月期有価証券報告書の訂正報告書に係る額　　　　  211,107円 が、いずれも イ　6,000,000円 を超えないことから、 ・令和２年６月第２四半期四半期報告書の訂正報告書については、6,000,000円の２分の１に相当する額である3,000,000円 ・令和２年９月第３四半期四半期報告書の訂正報告書については、6,000,000円の２分の１に相当する額である3,000,000円 ・令和２年12月期有価証券報告書の訂正報告書については、6,000,000円 となる。 ここで、これらの開示書類が同一の事業年度に係るものであることから、金融商品取引法第185条の７第６項の規定により、6,000,000円を個別決定ごとの算出額に応じて按分した下記の金額が、これらの開示書類に係る課徴金の額となる。 ・令和２年６月第２四半期四半期報告書の訂正報告書に係る課徴金の額は、1,500,000円 ・令和２年９月第３四半期四半期報告書の訂正報告書に係る課徴金の額は、1,500,000円 ・令和２年12月期有価証券報告書の訂正報告書に係る課徴金の額は、3,000,000円 （５）　金融商品取引法第172条の４第１項及び第２項の規定により、令和３年３月第１四半期四半期報告書、令和３年６月第２四半期四半期報告書、令和３年９月第３四半期四半期報告書及び令和３年12月期有価証券報告書ごとに算出した額（以下(５)において「個別決定ごとの算出額」という。）は、 ア　当社が発行する算定基準有価証券の市場価額の総額に10万分の６を乗じて得た額 ・令和３年３月第１四半期四半期報告書に係る額　　198,891円 ・令和３年６月第２四半期四半期報告書に係る額　　197,688円 ・令和３年９月第３四半期四半期報告書に係る額　　201,805円 ・令和３年12月期有価証券報告書に係る額　　　 　 202,529円 が、いずれも イ　6,000,000円 を超えないことから、 ・令和３年３月第１四半期四半期報告書については、6,000,000円の２分の１に相当する額である3,000,000円 ・令和３年６月第２四半期四半期報告書については、6,000,000円の２分の１に相当する額である3,000,000円 ・令和３年９月第３四半期四半期報告書については、6,000,000円の２分の１に相当する額である3,000,000円 ・令和３年12月期有価証券報告書については、6,000,000円 となる。 ここで、これらの開示書類が同一の事業年度に係るものであることから、金融商品取引法第185条の７第６項の規定により、6,000,000円を個別決定ごとの算出額に応じて按分した下記の金額が、これらの開示書類に係る課徴金の額となる。 ・令和３年３月第１四半期四半期報告書に係る課徴金の額は、1,200,000円 ・令和３年６月第２四半期四半期報告書に係る課徴金の額は、1,200,000円 ・令和３年９月第３四半期四半期報告書に係る課徴金の額は、1,200,000円 ・令和３年12月期有価証券報告書に係る課徴金の額は、2,400,000円 （６）　金融商品取引法第172条の４第１項及び第２項の規定により、令和３年３月第１四半期四半期報告書の訂正報告書、令和３年６月第２四半期四半期報告書の訂正報告書、令和３年９月第３四半期四半期報告書の訂正報告書及び令和３年12月期有価証券報告書の訂正報告書ごとに算出した額（以下（６）において「個別決定ごとの算出額」という。）は、 ア　当社が発行する算定基準有価証券の市場価額の総額に10万分の６を乗じて得た額 ・令和３年３月第１四半期四半期報告書の訂正報告書に係る額　　198,891円 ・令和３年６月第２四半期四半期報告書の訂正報告書に係る額　　197,688円 ・令和３年９月第３四半期四半期報告書の訂正報告書に係る額　　201,805円 ・令和３年12月期有価証券報告書の訂正報告書に係る額　　　　  202,529円 が、いずれも イ　6,000,000円 を超えないことから、 ・令和３年３月第１四半期四半期報告書の訂正報告書については、6,000,000円の２分の１に相当する額である3,000,000円 ・令和３年６月第２四半期四半期報告書の訂正報告書については、6,000,000円の２分の１に相当する額である3,000,000円 ・令和３年９月第３四半期四半期報告書の訂正報告書については、6,000,000円の２分の１に相当する額である3,000,000円 ・令和３年12月期有価証券報告書の訂正報告書については、6,000,000円 となる。 ここで、これらの開示書類が同一の事業年度に係るものであることから、金融商品取引法第185条の７第６項の規定により、6,000,000円を個別決定ごとの算出額に応じて按分した下記の金額が、これらの開示書類に係る課徴金の額となる。 ・令和３年３月第１四半期四半期報告書の訂正報告書に係る課徴金の額は、1,200,000円 ・令和３年６月第２四半期四半期報告書の訂正報告書に係る課徴金の額は、1,200,000円 ・令和３年９月第３四半期四半期報告書の訂正報告書に係る課徴金の額は、1,200,000円 ・令和３年12月期有価証券報告書の訂正報告書に係る課徴金の額は、2,400,000円 （７）　金融商品取引法第172条の４第２項の規定により、令和４年３月第１四半期四半期報告書、令和４年６月第２四半期四半期報告書及び令和４年９月第３四半期四半期報告書ごとに算出した額（以下（７）において「個別決定ごとの算出額」という。）は、 ア　当社が発行する算定基準有価証券の市場価額の総額に10万分の６を乗じて得た額 ・令和４年３月第１四半期四半期報告書に係る額　　192,358円 ・令和４年６月第２四半期四半期報告書に係る額　　192,893円 ・令和４年９月第３四半期四半期報告書に係る額　　192,174円 が、いずれも イ　6,000,000円 を超えないことから、 ・令和４年３月第１四半期四半期報告書については、6,000,000円の２分の１に相当する額である3,000,000円 ・令和４年６月第２四半期四半期報告書については、6,000,000円の２分の１に相当する額である3,000,000円 ・令和４年９月第３四半期四半期報告書については、6,000,000円の２分の１に相当する額である3,000,000円 となる。 ここで、これらの開示書類が同一の事業年度に係るものであることから、金融商品取引法第185条の７第６項の規定により、6,000,000円を個別決定ごとの算出額に応じて按分した下記の金額が、これらの開示書類に係る課徴金の額となる。 ・令和４年３月第１四半期四半期報告書に係る課徴金の額は、2,000,000円 ・令和４年６月第２四半期四半期報告書に係る課徴金の額は、2,000,000円 ・令和４年９月第３四半期四半期報告書に係る課徴金の額は、2,000,000円 となるが、金融商品取引法第26条第１項の規定による検査等が行われる前に、課徴金の減額に係る報告書が提出されていることから、金融商品取引法第185条の７第14項の規定により、2,000,000円に100分の50を乗じて得た額に相当する額である1,000,000円となる。 （課徴金の納付を命ずることができない旨の決定に係るもの） 金融商品取引法第172条の４第１項の規定により、令和元年12月期有価証券報告書について算出した課徴金の額は、当社が発行する算定基準有価証券の市場価額の総額に10万分の６を乗じて得た額244,268円が、6,000,000円を超えないことから、6,000,000円となる。 ここで、令和元年12月期有価証券報告書が、既に金融商品取引法第185条の７第１項の規定により一以上の課徴金の納付命令の決定（令和４年12月12日付け、第50期事業年度第２四半期（平成31年４月１日から令和元年６月30日まで）に係る四半期報告書及び同事業年度第３四半期（令和元年７月１日から同年９月30日まで）に係る四半期報告書に対する課徴金の納付命令の決定。以下「既決定」という。）がされた当社の継続開示書類と同一の事業年度の継続開示書類における一以上の課徴金の納付命令の決定に係るものであることから、金融商品取引法第185条の７第７項ただし書の規定により、同項第１号によって算出した額6,000,000円が同項第２号によって算出した既決定に係る課徴金の額を合計した額6,000,000円を超えないため、課徴金の納付を命ずることができない。"
2023-11-21,株式会社エイチーム,3662,株式会社エイチームとの契約締結交渉者の社員から伝達を受けた者による内部者取引に対する課徴金納付命令の勧告について,https://www.fsa.go.jp/sesc/news/c_2023/2023/20231121-1.html,English version 令和5年11月21日 証券取引等監視委員会 株式会社エイチームとの契約締結交渉者の社員から伝達を受けた者による内部者取引に対する課徴金納付命令の勧告について １．勧告の内容 証券取引等監視委員会は、株式会社エイチームとの契約締結交渉者の社員から伝達を受けた者による内部者取引について検査した結果、下記のとおり法令違反の事実が認められたので、本日、内閣総理大臣及び金融庁長官に対して、金融庁設置法第２０条第１項の規定に基づき、課徴金納付命令を発出するよう勧告を行った。 ２．法令違反の事実関係 課徴金納付命令対象者は、株式会社スクウェア・エニックス（以下「スクエニ」という。）の社員らが、株式会社エイチーム（以下「エイチーム」という。）とスクエニが共同で進めていたゲームタイトル「ＦＩＮＡＬ　ＦＡＮＴＡＳＹ」の関連作品となるスマートデバイス向け新作ゲーム（以下「本件ゲーム」という。）の開発に係る業務提携契約の履行及び本件ゲームの配信開始後にその配信等を共同して運営していく旨の業務提携契約の交渉に関し知り、その後、スクエニの社員であった甲が職務に関し知った、(1)本件ゲームの共同開発が配信開始を見込める段階まで進捗したことなどのエイチームの運営、業務又は財産に関する重要な事実であって投資者の投資判断に著しい影響を及ぼす重要事実及び(2)エイチームの業務執行を決定する機関が前記交渉に係る業務上の提携を行うことについての決定をした旨のエイチームの業務等に関する重要事実の伝達を、知人であった甲から受けながら、前記各重要事実の公表がされた令和３年２月２７日より前の同年１月１４日から同年２月１９日までの間、エイチーム株式合計１万株を、自己の計算において、買付価額合計１１８６万５６０円で買い付けたものである。 違反行為事実の概要については、 別図 のとおり。 課徴金納付命令対象者が行った上記の行為は、金融商品取引法第１７５条第１項に規定する「第１６６条第３項の規定に違反して、同条第１項に規定する売買等をした」行為に該当すると認められる。 ３．課徴金の額の計算 上記の違反行為に対し、金融商品取引法に基づき納付を命じられる課徴金の額は、４９２万円である。 計算方法の詳細については、 別紙 のとおり。 ４．その他 社員甲については、令和４年１２月２６日、エイチーム株式に係る内部者取引及び課徴金納付命令対象者に対する情報伝達行為の嫌疑で、東京地方検察庁に告発済みである。 （クリックすると拡大されます）
2023-11-20,株式会社プロルート丸光株券,,株式会社プロルート丸光株券に係る風説の流布及び偽計事件の告発について,https://www.fsa.go.jp/sesc/news/c_2023/2023/20231120-1.html,English version 令和5年11月20日 証券取引等監視委員会 株式会社プロルート丸光株券に係る風説の流布及び偽計事件の告発について 証券取引等監視委員会は、本日、金融商品取引法違反（風説の流布及び偽計）の嫌疑で、嫌疑者３名を東京地方検察庁に告発した。告発の対象となった犯則事実については下記のとおり。 １．告発の対象となった犯則事実 犯則嫌疑者Ａは、株式会社東京証券取引所が開設するＪＡＳＤＡＱ市場に上場していた株式会社プロルート丸光（以下「プロルート丸光」という。）の筆頭株主であったＸ社の代表取締役であったもの、犯則嫌疑者Ｂは、Ｙ社株主であったもの、犯則嫌疑者Ｃは、Ｙ社株主兼代表取締役であったものであるが、犯則嫌疑者３名は、共謀の上、プロルート丸光の株式の株価の上昇を図る目的をもって、真実は、Ｙ社は、何ら事業を行っておらず、以後事業を行う予定もなく、Ｙ社の株式価値及び株式交換の株式交換比率は、虚偽の事業計画に基づきＹ社の企業価値をあえて過大に評価して決定したものであったにもかかわらず、プロルート丸光役職員をして、令和元年１２月１８日、ＴＤｎｅｔにより、プロルート丸光が、同日にＹ社との間でＹ社を株式交換により完全子会社とする株式交換契約を締結した旨公表するに際し、「Ｙ社は、コンサートグッズを製造及び販売できる権利を製造者に許諾し、その対価として商品販売額の一定額をロイヤリティとして受領する事業を主たる事業としており、その将来収益に高い信頼性があり、第三者機関が令和２年１２月期から令和６年１２月期のＹ社の事業計画に基づき算出した企業価値を踏まえ、Ｙ社の１株当たりの株式価値を１６万８２００円とすることが妥当と判断し、株式交換比率につき、プロルート丸光１４５０株に対しＹ社１株とした。」旨の虚偽の内容を含む公表を行わせ、もって、有価証券の相場の変動を図る目的をもって、風説を流布するとともに偽計を用いたものである。 ２．関連条文 金融商品取引法 第１９７条第１項第５号、第１５８条（令和元年法律第２８号による改正前のもの） 刑法第６０条 法定刑：１０年以下の懲役若しくは１０００万円以下の罰金又はこれを併科
2023-11-02,及び株式会社,,S DIVISION HOLDINGS INC.及び株式会社STEPCAPITALMANAGEMENT並びにその役員１名による金融商品取引法違反行為に係る裁判所の禁止及び停止命令の発令について,https://www.fsa.go.jp/sesc/news/c_2023/2023/20231102-1.html,English version 令和５年11月２日 証券取引等監視委員会 S DIVISION HOLDINGS INC.及び株式会社STEPCAPITALMANAGEMENT並びにその役員１名による金融商品取引法違反行為に係る裁判所の禁止及び停止命令の発令について 証券取引等監視委員会が令和５年６月28日に行ったS DIVISION HOLDINGS INC.（フィリピン共和国、金融商品取引業の登録等はない。以下「SDH社」という。）及び株式会社STEPCAPITALMANAGEMENT（大阪市北区、法人番号2011001102831、資本金1000万円、金融商品取引業の登録等はない。以下「キャピタル社」という。）並びにSDH社の会長で、キャピタル社の代表者である須見一（すみはじめ、以下「須見」といい、SDH社及びキャピタル社と併せて「当社ら」という。）に対する金融商品取引法違反行為（無届募集及び無登録金商業）の禁止及び停止を命ずるよう求める申立てについて、同年11月１日、大阪地方裁判所より、申立ての内容どおり、下記の命令が下された。 記 １　被申立人SDH社及び被申立人須見は、いずれも、金融商品取引法４条１項本文の規定の適用を受ける外国法人の発行する証券で社債券の性質を有するもの又はこれに表示されるべき権利であって、当該証券が発行されていない場合における当該権利について、同項本文の届出をするまでは、同法２条３項に規定する有価証券の募集を行ってはならない。 ２　被申立人SDH社及び被申立人須見は、いずれも、金融商品取引法４条１項本文の規定の適用を受ける外国法人の発行する証券で社債券の性質を有するもの又はこれに表示されるべき権利であって、当該証券が発行されていない場合における当該権利について、同項本文の届出がその効力を生じるまでは、これを同法２条３項に規定する有価証券の募集により取得させてはならない。 ３　被申立人キャピタル社及び被申立人須見は、いずれも、金融商品取引法２９条所定の登録（ただし、業務の種別を第一種金融商品取引業とするもの）その他同法所定の適式の登録を受けずに、外国法人の発行する証券で社債券の性質を有するもの又はこれに表示されるべき権利であって、当該証券が発行されていない場合における当該権利及び社債券又はこれに表示されるべき権利であって当該社債券が発行されていない場合における当該権利について、募集又は私募の取扱いを業として行ってはならない。 ４　被申立人キャピタル社及び被申立人須見は、いずれも、金融商品取引法４条１項本文の規定の適用を受ける社債券又はこれに表示されるべき権利であって当該社債券が発行されていない場合における当該権利について、同項本文の届出をするまでは、同法２条３項に規定する有価証券の募集を行ってはならない。 ５　被申立人キャピタル社及び被申立人須見は、いずれも、金融商品取引法４条１項本文の規定の適用を受ける社債券又はこれに表示されるべき権利であって当該社債券が発行されていない場合における当該権利について、同項本文の届出がその効力を生じるまでは、これを同法２条３項に規定する有価証券の募集により取得させてはならない。 以上 上記のとおり、 裁判所は、当社らの行為が金融商品取引法違反行為（無届募集及び無登録金商業）であると認め、当該行為を行うことの禁止及び停止を命令しました 。 顧客及び一般投資家の皆様は、以下の 【顧客の皆様へ】 及び 【一般投資家の皆様へ】 も、併せてご確認ください。 （参考） S DIVISION HOLDINGS INC.及び株式会社STEPCAPITALMANAGEMENT並びにその役員１名による金融商品取引法違反行為に係る裁判所への禁止及び停止命令発出の申立てについて 【顧客の皆様へ】 〇 大阪地方裁判所は、証券取引等監視委員会の申立ての内容どおり、SDH社及びキャピタル社並びにその役員１名（以下「当社ら」といいます。）による金融商品取引法違反行為（無届募集及び無登録金商業）を行っていたことを認め、当該行為の禁止及び停止を命令しました（令和５年11月１日）。 〇 当社らは、いずれも金融商品取引業の登録等を受けた業者ではありません。 〇　当社らは、当社らと業務委託契約を締結した複数の代理店等によるほか、当社らから商品を購入した顧客の紹介を受け、対面、又は対面に準ずる方法（ウェブ会議、電子メール等）により、須見が運営する　S DIVISION HOLDINGS INC.グループ（以下「SDH社グループ」という。）の事業内容や商品概要、商品購入に係るメリット（SDH社グループが存続する限り、利息支払が滞らず、かつ、元本も償還されること、一般的な商品と比べて利率が高いこと等）の説明を行うなどして、取得勧誘を行っていました。 〇　当社らは、取得勧誘に当たり、元本償還されるのでリスクが少なく、利率は高いのでメリットが大きいといった説明を行っていますが、いずれも何ら保証されるものではありません。なお、証券取引等監視委員会の調査の結果によれば、SDH社グループのフィリピン共和国内における事業のために海外送金されている額は、当社らが調達した資金の一部にとどまっています。 〇　裁判所の命令は、当社らによる金融商品取引法違反行為の禁止及び停止を命ずるものであり、顧客への投資資金の返金を禁止するものではありません。 〇 【一般投資家の皆様へ】 も、併せてご確認ください。 【一般投資家の皆様へ】 〇　無登録業者が、実際には契約内容のとおりの取引を行っていなかったなどのトラブルが多発しています。無登録業者には、金融庁の監督権限が及ばず、投資者保護規定に基づく処分等が行えませんので、ご注意ください。 〇　仮に、海外当局の登録を受けた業者であったとしても、当該海外当局は、他国民との取引について監督指導等を行わないことや、金融庁と同等の監督権限がないことなどがあります。海外当局の登録を受けたことをもって日本と同等の投資者保護を担保するものではありません。 〇 一般に、無登録業者は、実際には契約内容のとおりの取引を行っていない商品であったとしても、返金等を希望する顧客に対し、他の顧客の投資資金を交付することで、返金等に応じることがあります。これまでに返金等を受けることができていたとしても、そのことをもって、直ちに当該商品が信頼できるとは言えませんので、ご注意ください。 〇 日本で登録を受けずに金融商品取引業を行うことは違法です。 取引の相手方が登録を受けているか、 こちら でご確認ください。 また、無登録で金融商品取引業を行っているとして、金融庁（財務局）が警告を行った者の名称等は、 こちら をご確認ください。 〇　不特定多数の者に有価証券の取得の勧誘を行う場合には、有価証券届出書の提出が必要です。有価証券届出書を提出しているかどうかは、 ＥＤＩＮＥＴ で確認することができます。 (クリックすると拡大されます。)
2023-10-27,株式会社日本製鋼所,5631,株式会社日本製鋼所の子会社との契約締結者２法人の各社員２名及び同子会社との契約締結者からの情報受領者による内部者取引に対する課徴金納付命令の勧告について,https://www.fsa.go.jp/sesc/news/c_2023/2023/20231027-1.html,English version 令和５年１０月２７日 証券取引等監視委員会 株式会社日本製鋼所の子会社との契約締結者２法人の各社員２名及び同子会社との契約締結者からの情報受領者による内部者取引に対する課徴金納付命令の勧告について １．勧告の内容 証券取引等監視委員会は、株式会社日本製鋼所の子会社との契約締結者２法人の各社員２名及び同子会社との契約締結者からの情報受領者による内部者取引について検査した結果、下記のとおり法令違反の事実が認められたので、本日、内閣総理大臣及び金融庁長官に対して、金融庁設置法第２０条第１項の規定に基づき、課徴金納付命令を発出するよう勧告を行った。 ２．法令違反の事実関係 (１)　課徴金納付命令対象者（１）について 課徴金納付命令対象者（１）は、Ａ社の社員であったが、同社の社員らが、株式会社日本製鋼所（以下「日本製鋼所」という。）の子会社である日本製鋼所Ｍ＆Ｅ株式会社（以下「Ｍ＆Ｅ社」という。）とＡ社との間で締結した取引基本契約の履行に関し知った、Ｍ＆Ｅ社が製造及び販売していたタービン・発電機用ローターシャフト等の製品の一部で品質検査の数値の改ざんなどが判明した旨のＭ＆Ｅ社の運営、業務又は財産に関する重要な事実であって投資者の投資判断に著しい影響を及ぼす事実を、その職務に関し知りながら、上記重要事実の公表がされた令和４年５月９日より前の同年４月１５日から同月２８日までの間、自己の計算において、日本製鋼所株式合計１５００株を、売付価額合計５５４万６５００円で売り付けたものである。 違反行為事実の概要については、 別図 のとおり。 課徴金納付命令対象者（１）が行った上記の行為は、金融商品取引法第１７５条第１項に規定する「第１６６条第１項の規定に違反して、同条第１項に規定する売買等をした」行為に該当すると認められる。 (２)　課徴金納付命令対象者（２）について 課徴金納付命令対象者（２）は、Ｂ社の社員であったが、同社の社員らが、Ｍ＆Ｅ社とＢ社との間で締結した取引基本契約の履行に関し知った、Ｍ＆Ｅ社が製造及び販売していたタービン・発電機用ローターシャフト等の製品の一部で品質検査の数値の改ざんなどが判明した旨のＭ＆Ｅ社の運営、業務又は財産に関する重要な事実であって投資者の投資判断に著しい影響を及ぼす事実を、その職務に関し知りながら、上記重要事実の公表がされた令和４年５月９日より前の同年４月２０日から同年５月６日までの間、自己の計算において、日本製鋼所株式合計６００株を、売付価額合計２２０万６１００円で売り付けたものである。 違反行為事実の概要については、 別図 のとおり。 課徴金納付命令対象者（２）が行った上記の行為は、金融商品取引法第１７５条第１項に規定する「第１６６条第１項の規定に違反して、同条第１項に規定する売買等をした」行為に該当すると認められる。 (３)　課徴金納付命令対象者（３）について 課徴金納付命令対象者（３）は、Ｄ社の社員であったが、Ｃ社の社員及び役員らが、Ｍ＆Ｅ社とＣ社との間で締結していた取引基本契約の履行に関し知り、その後、Ｃ社の役員からＤ社役員が職務上伝達を受けた、Ｍ＆Ｅ社が製造及び販売していたタービン・発電機用ローターシャフト等の製品の一部で品質検査の数値の改ざんなどが判明した旨のＭ＆Ｅ社の運営、業務又は財産に関する重要な事実であって投資者の投資判断に著しい影響を及ぼす事実を、その職務に関し知りながら、上記重要事実の公表がされた令和４年５月９日より前の同月６日、自己の計算において、日本製鋼所株式合計２０００株を、売付価額合計７３３万５０００円で売り付けたものである。 違反行為事実の概要については、 別図 のとおり。 課徴金納付命令対象者（３）が行った上記の行為は、金融商品取引法第１７５条第１項に規定する「第１６６条第３項の規定に違反して、同条第１項に規定する売買等をした」行為に該当すると認められる。 ３．課徴金の額の計算 上記の違反行為に対し、金融商品取引法に基づき納付を命じられる課徴金の額は、下記のとおりである。 課徴金納付命令対象者（１）１８５万円 課徴金納付命令対象者（２）７２万円 課徴金納付命令対象者（３）２４１万円 計算方法の詳細については、 別紙 のとおり。 （クリックすると拡大されます）
2023-10-31,株式会社プロルート丸光,,株式会社プロルート丸光に係る虚偽有価証券報告書提出事件の告発について,https://www.fsa.go.jp/sesc/news/c_2023/2023/20231031-1.html,English version 令和５年10月31日 証券取引等監視委員会 株式会社プロルート丸光に係る虚偽有価証券報告書提出事件の告発について 証券取引等監視委員会は、本日、金融商品取引法違反（虚偽有価証券報告書提出）の嫌疑で、嫌疑法人１社及び嫌疑者５名を東京地方検察庁に告発した。告発の対象となった犯則事実については下記のとおり。 １．告発の対象となった犯則事実 犯則嫌疑法人株式会社プロルート丸光（以下「犯則嫌疑法人」という。）は、大阪市中央区に本店を置き、子供服、男子服等の製造及び販売業等を目的とする会社であって、その発行する株券を株式会社東京証券取引所が開設するＪＡＳＤＡＱ市場に上場していたもの、犯則嫌疑者Ａは、Ｘ社の代表取締役であったもの、犯則嫌疑者Ｂは、犯則嫌疑法人の取締役会長としてその業務全般を統括管理していたもの、犯則嫌疑者Ｃは、犯則嫌疑法人の代表取締役としてその業務全般を統括管理していたもの、犯則嫌疑者Ｄ及び同Ｅは、犯則嫌疑法人の株主であったものであるが、犯則嫌疑者５名は、共謀の上、犯則嫌疑法人の業務に関し、令和３年６月１７日、前記本店事務所に設置された入出力装置から、開示用電子情報処理組織を使用して、内閣府の使用に係る電子計算機に備えられたファイルに記録させる方法により、近畿財務局において、近畿財務局長に対し、犯則嫌疑法人の令和２年３月２１日から令和３年３月２０日までの連結会計年度につき、営業損失が６９８１万４０００円（１０００円未満切捨て。以下同じ。）、経常損失が８５５２万７０００円、税金等調整前当期純損失が９５６３万２０００円であったにもかかわらず、架空売上を計上する方法により、営業利益を６３７７万３０００円、経常利益を５４０５万９０００円、税金等調整前当期純利益を４３９５万５０００円と記載した虚偽の連結損益計算書を掲載した有価証券報告書を提出し、もって重要な事項につき虚偽の記載のある有価証券報告書を提出したものである。 ２．関連条文 金融商品取引法 第１９７条第１項第１号、第２４条第１項第１号、第２０７条第１項第１号 刑法第６０条 法定刑：法人につき　７億円以下の罰金 個人につき　１０年以下の懲役若しくは１０００万円以下の罰金又はこれを併科
2023-08-31,,,「令和４事務年度　開示検査事例集」の公表について,https://www.fsa.go.jp/sesc/jirei/kaiji/20230831-1.html,令和５年８月31日 証券取引等監視委員会 「令和４事務年度　開示検査事例集」の公表について 証券取引等監視委員会は、「令和４事務年度　開示検査事例集（ PDF ）」を取りまとめましたので、公表します。 「開示検査事例集」は、適正な情報開示に向けた市場関係者の自主的な取組みを促す観点から、証券取引等監 視委員会による開示検査の最近の取組みや開示検査によって判明した開示規制違反の内容、その背景・原因及び 是正策等の概要を取りまとめたもので、毎年公表しています。 今般公表しました「令和４事務年度　開示検査事例集」では、令和３事務年度版に、令和４年７月から本年６月までの間に開示検査を終了し、開示規制違反について課徴金納付命令勧告を行った事例等を追加しました。追加した内容では、商品売買を仮装した売上の架空計上、代理人取引による売上の過大計上、非財務情報である重要事象等の不記載等、近年の開示規制違反に見られるさまざまな事例を積極的にご紹介しています。また、「監視委コラム」では、開示実務において参考にしていただけるよう、最近の開示検査を通じてクローズアップされた開示制度や内部統制等について、最近の制度改正等を踏まえて解説しています。 この「開示検査事例集」を通じて、上場会社、会計監査人や投資者の皆さんに、開示規制違反の手法、背景・ 原因等や証券取引等監視委員会の取組みについてご理解いただいた上で、上場会社とその会計監査人である公認 会計士・監査法人とのコミュニケーションや上場会社とその投資者の皆さんとの対話を活発に行っていただくこ とによって、適正な情報開示が積極的に行われることを期待しています。 過去の開示検査事例集は以下からご確認ください。 開示検査事例集
2023-09-08,株式会社ＺＯＺＯ社員から伝達,,株式会社ＺＯＺＯ社員から伝達を受けた海外居住者による内部者取引に対する課徴金納付命令の勧告について,https://www.fsa.go.jp/sesc/news/c_2023/2023/20230908-1.html,English version 令和５年９月８日 証券取引等監視委員会 株式会社ＺＯＺＯ社員から伝達を受けた海外居住者による内部者取引に対する課徴金納付命令の勧告について １．勧告の内容 証券取引等監視委員会は、株式会社ＺＯＺＯ（以下「ゾゾ」という。）社員から伝達を受けた海外居住者による内部者取引について検査した結果、下記のとおり法令違反の事実が認められたので、本日、内閣総理大臣及び金融庁長官に対して、金融庁設置法第２０条第１項の規定に基づき、課徴金納付命令を発出するよう勧告を行った。 ２．法令違反の事実関係 課徴金納付命令対象者（中国居住）は、ゾゾの中国子会社の役職員であるが、ゾゾ社員であった甲から、同人がその職務に関し知った、ゾゾの役員がその職務に関しヤフー株式会社（現Ｚホールディングス株式会社）からの伝達により知った同社の業務執行を決定する機関がゾゾ株式の公開買付けを行うことについての決定をした旨の公開買付けの実施に関する事実の伝達を受けながら、当該事実の公表がされた令和元年９月１２日より前の同月１０日、自己の計算において、ゾゾ株式合計２万５９７７株を買付価額合計５４８９万５１２８円で買い付けたものである。 違反行為事実の概要については、 下記概要図 のとおり。 課徴金納付命令対象者が行った上記の行為は、金融商品取引法第１７５条第２項に規定する「第１６７条第３項の規定に違反して、同条第１項に規定する特定株券等若しくは関連株券等に係る買付け等をした」行為に該当すると認められる。 ３．課徴金の額の計算 上記の違法行為について金融商品取引法に基づき算定される課徴金の額は、１３０３万円である。 計算方法の詳細については、 別紙 のとおり。 ４．その他 本件については、中国証券監督管理委員会（China Securities Regulatory Commission）から支援を受けている。また、日本取引所自主規制法人から提供された情報も参考として、実態解明を行ったものである。 （概要図）
2023-09-22,株式会社ファルテック,7215,ファルテック株式ほか１銘柄に係る相場操縦に対する課徴金納付命令の勧告について,https://www.fsa.go.jp/sesc/news/c_2023/2023/20230922-1.html,English version 令和5年9月22日 証券取引等監視委員会 ファルテック株式ほか１銘柄に係る相場操縦に対する課徴金納付命令の勧告について １．勧告の内容 証券取引等監視委員会は、ファルテック株式ほか１銘柄に係る相場操縦について検査した結果、下記のとおり法令違反の事実が認められたので、本日、内閣総理大臣及び金融庁長官に対して、金融庁設置法第２０条第１項の規定に基づき、課徴金納付命令を発出するよう勧告を行った。 ２．法令違反の事実関係 課徴金納付命令対象者は、 (１)　株式会社ファルテックの株式につき、同株式の売買を誘引する目的をもって、 別表１ 記載のとおり、令和３年７月１６日から同年８月２０日までの間、自己名義及び親族名義で、上値に複数の売り注文を入れて売り板を厚くした上で、同株式を下値で買い付け、さらに、下値に複数の買い注文を入れて買い板を厚くした上で、同株式を上値で売り付けるなどの方法により、同株式合計２２万９００株の買付けの委託を行うとともに、同株式合計５万４３００株を買い付ける一方、同株式合計１４万２２００株の売付けの委託を行うとともに、同株式合計６万３８００株を売り付け、 (２)　ＧＭＢ株式会社の株式につき、同株式の売買を誘引する目的をもって、 別表２ 記載のとおり、令和３年８月１９日から同年９月２２日までの間、自己名義及び親族名義で、上値に複数の売り注文を入れて売り板を厚くした上で、同株式を下値で買い付け、さらに、下値に複数の買い注文を入れて買い板を厚くした上で、同株式を上値で売り付けるなどの方法により、同株式合計２５万６００株の買付けの委託を行うとともに、同株式合計４万８４００株を買い付ける一方、同株式合計１７万２８００株の売付けの委託を行うとともに、同株式合計５万４９００株を売り付け、 もって、それぞれ、自己及び親族の計算において、上記各株式の売買が繁盛であると誤解させ、かつ、上記各株式の相場を変動させるべき一連の売買及び委託をしたものである。 違反行為事実の概要については、 別図 のとおり。 課徴金納付命令対象者が行った上記の各行為は、金融商品取引法第１７４条の２第１項に規定する「第１５９条第２項第１号の規定に違反する一連の有価証券売買等」に該当すると認められる。 ３．課徴金の額の計算 上記の各違反行為に対し金融商品取引法に基づき納付を命じられる課徴金の額の合計は、９４万円である。 計算方法の詳細については、 別紙 のとおり。 ※　違反行為に係る売付け等の価額及び買付け等の価額の詳細については、 別表３ を参照。 ４．その他 本件については、日本取引所自主規制法人より提供された情報等を参考として、実態解明を行ったものである。 （クリックすると拡大されます） （クリックすると拡大されます） （クリックすると拡大されます）
2023-09-15,三木証券株式会社,,三木証券株式会社に対する検査結果に基づく勧告について,https://www.fsa.go.jp/sesc/news/c_2023/2023/20230915-1.html,English version 令和５年９月15日 証券取引等監視委員会 三木証券株式会社に対する検査結果に基づく勧告について １．勧告の内容 関東財務局長が三木証券株式会社（東京都中央区、法人番号6010001058023、代表取締役社長　鈴木 崇、資本金５億円、常勤役職員164名、第一種金融商品取引業）を検査した結果、下記のとおり、当該金融商品取引業者に係る問題が認められたので、本日、証券取引等監視委員会は、内閣総理大臣及び金融庁長官に対して、金融庁設置法第20条第１項の規定に基づき、行政処分を行うよう勧告した。 ２．事実関係 ○　適合性原則に抵触する業務運営の状況 三木証券株式会社（以下「当社」という。）は、顧客層の高齢化により口座数が減少傾向にあったことなどもあり、平成29年３月期から令和２年３月期まで４年連続の営業赤字となっていた。そのような中、米国市況が好調であったことを踏まえ、令和２年４月以降、経営陣主導の下、主に米国株式の販売に注力していた。 こうした状況を踏まえ、当社の業務運営状況を検証したところ、以下の問題が認められた。 ⑴　適合性原則に抵触する勧誘が行われている状況 当社は、少なくとも顧客18名に対し、会話がかみ合わない、数分前の会話を覚えていないなどといった顧客の様子から、顧客が少なくとも外国株式取引を行えるほどの認知判断能力を持ち合わせていないと認識していたにもかかわらず、外国株式のリスク等について、顧客属性に照らして顧客に理解されるために必要な方法及び程度による説明を行うことなく金融商品取引契約を締結する行為を行っていた。このような外国株式取引の勧誘を長期的・継続的に行っている状況が認められた。 また、当社は新興国のテクノロジー関連企業へ投資する投資信託の勧誘に際し、少なくとも顧客１名に対し、当該商品の概要やリスク等について、顧客属性に照らして顧客に理解されるために必要な方法及び程度による説明を行うことなく金融商品取引契約を締結する行為を行っている状況が認められた。 ⑵　適合性原則を遵守するための態勢が不十分な状況 ①　営業推進態勢が不適切な状況 当社は、令和元年６月に営業員評価制度の見直しを行い、当社の収益の向上に貢献した営業員をこれまで以上に高く評価する仕組みを導入して、手数料収入実績をダイレクトに評価に反映させ重視することとした。さらに令和４年１月には、評価項目から法令違反行為や顧客本位に欠ける営業を行った営業員の評価を下げるといったコンプライアンス項目を削除するなど、手数料収入額が多い営業員がさらに高く評価される報酬体系へと変更することで、手数料収入に偏った不適切な投資勧誘行為を助長するものになっていた。また、経営陣主導で主に米国株式の販売に注力する中で、取締役営業本部長を中心とした経営陣からは、各部支店長に対して、顧客の適合性を軽視した営業優先の指示が行われるなど、経営陣から収益達成への過剰な圧力がかけられていた。これらの結果、当社には顧客の適合性を軽視した極端な営業優先の企業風土が形成されており、営業推進態勢は不適切な状況であった。 ②　法令等遵守態勢が不適切な状況 当社では、極端な営業優先の企業風土のもと、営業部門に対し異論を述べた結果、営業本部が主導する形で就業規則に基づかずに降格させられた者がいるなど、コンプライアンス上の問題点を声に出しづらい社風となっていた。 また、赤字体質からの脱却と継続的な黒字化を図るため、代表取締役社長自らが主導して、コンプライアンス部門の人員を削減しているところ、平成30年に行われた自主規制機関の検査においてコンプライアンス部門の人員不足を指摘されていたにもかかわらず、コンプライアンス部門の人員を平成30年当時と比較しても半数以下にまで削減しており、適切な人員の確保すら行われていない状況にあった。 このような状況にあったため、自主規制機関が定める高齢顧客ガイドラインで求められている確認事項に関しても、役席者は挨拶程度の短い会話を行うのみで、高齢顧客の健康状態や商品の理解度などについてほとんど確認しておらず、承認手続きは形骸化していた。また、内部管理責任者によるモニタリングも営業を優先するあまり形式的な確認にとどまっており、さらに、内部監査によるモニタリングも、部支店に対し、指摘対象となった具体的な取引、営業員、役席者を特定して伝達することなく、指摘事例について今後は適切に面談を実施すべき旨を形式的に指導するにとどめているなど、不十分なものであった。 内部管理統括責任者自身が、モニタリングや内部監査の実効性に疑問を持ちながらも、やらないよりはやった方が良い程度の認識でモニタリングや内部監査を続けていたと述べるとおり、当社のモニタリング及び内部監査は形骸化しており、実効性のある検証は行われておらず、当社の法令等遵守態勢は不適切な状況であった。 ③　経営管理態勢が不適切な状況 金融商品取引業者は、法令等遵守態勢の整備に努め、投資者保護に欠けることのないように経営を行うことが求められているところ、代表取締役社長をはじめ経営陣は、極端な営業推進を行う中で、法令等遵守及び内部管理態勢の確立・整備が後回しとなり、営業に物が言えない、経営陣に実態を正確に報告できないといった脆弱な内部管理態勢を看過しているなど、当社の経営管理態勢は不適切な状況であった。 上記⑴の行為は、金融商品取引法第38条第９号に基づく金融商品取引業等に関する内閣府令第117条第１項第１号の「顧客の知識、経験、財産の状況及び金融商品取引契約を締結する目的に照らして当該顧客に理解されるために必要な方法及び程度による説明をすることなく、金融商品取引契約を締結する行為」に該当すると認められる。 上記⑴⑵の状況は、適合性原則に抵触する不適切な業務運営を継続的に行っていたものと認められ、当社における勧誘販売状況は、金融商品取引法第40条第１号の「顧客の知識、経験、財産の状況及び金融商品取引契約を締結する目的に照らして不適当と認められる勧誘を行って投資者の保護に欠けることとなっており、又は欠けることとなるおそれがあること」に該当すると認められる。 参考資料(PDF:624KB) （参考条文） ○　金融商品取引法（昭和23年法律第25号）（抄） （禁止行為） 第三十八条　金融商品取引業者等又はその役員若しくは使用人は、次に掲げる行為をしてはならない。ただし、第四号から第六号までに掲げる行為にあつては、投資者の保護に欠け、取引の公正を害し、又は金融商品取引業の信用を失墜させるおそれのないものとして内閣府令で定めるものを除く。 一～八　（略） 九　前各号に掲げるもののほか、投資者の保護に欠け、若しくは取引の公正を害し、又は金融商品取引業の信用を失墜させるものとして内閣府令で定める行為 （適合性の原則等） 第四十条　金融商品取引業者等は、業務の運営の状況が次の各号のいずれかに該当することのないように、その業務を行わなければならない。 一　金融商品取引行為について、顧客の知識、経験、財産の状況及び金融商品取引契約を締結する目的に照らして不適当と認められる勧誘を行つて投資者の保護に欠けることとなつており、又は欠けることとなるおそれがあること。 二　（略） ○　金融商品取引業等に関する内閣府令（平成19年内閣府令第52号）（抄） （禁止行為） 第百十七条　法第三十八条第九号に規定する内閣府令で定める行為は、次に掲げる行為とする。 一　次に掲げる書面の交付に関し、あらかじめ、顧客（特定投資家（法第三十四条の二第五項の規定により特定投資家以外の顧客とみなされる者を除き、法第三十四条の三第四項（法第三十四条の四第六項において準用する場合を含む。）の規定により特定投資家とみなされる者を含む。以下同じ。）を除く。以下この号において同じ。）に対して、法第三十七条の三第一項第三号から第七号までに掲げる事項（ニに掲げる書面を交付する場合にあっては、当該書面に記載されている事項であって同項第三号から第七号までに掲げる事項に係るもの）について顧客の知識、経験、財産の状況及び金融商品取引契約を締結する目的に照らして当該顧客に理解されるために必要な方法及び程度による説明をすることなく、金融商品取引契約を締結する行為 イ　契約締結前交付書面 ロ　上場有価証券等書面 ハ　第八十条第一項第三号に掲げる場合にあっては、同号に規定する目論見書（同号の規定により当該目論見書と一体のものとして交付される書面がある場合には、当該目論見書及び当該書面） ニ　契約変更書面 二～五十　（略） ２～５６　（略）
2023-08-01,,,「令和５事務年度　証券モニタリング基本方針」について,https://www.fsa.go.jp/sesc/news/c_2023/2023/20230801-2.html,令和５年８月１日 証券取引等監視委員会 「令和５事務年度　証券モニタリング基本方針」について 証券取引等監視委員会では、「令和５事務年度　証券モニタリング基本方針」を別紙のとおり策定しましたので公表いたします。 （別紙） 令和５事務年度　証券モニタリング基本方針（PDF/256KB） （ 英語版（PDF/258KB） ） ポイント（PDF/751KB） （ 英語版（PDF/307KB） ） お問い合わせ先 証券取引等監視委員会事務局証券検査課 Tel　03-3506-6000（代表）（内線：3005、2037）
2023-08-04,株式会社ディー・ディー・エス,,株式会社ディー・ディー・エスが提出した虚偽開示書類に係る特定関与行為に対する課徴金納付命令勧告について,https://www.fsa.go.jp/sesc/news/c_2023/2023/20230804-1.html,"English version 令和５年８月４日 証券取引等監視委員会 株式会社ディー・ディー・エスが提出した虚偽開示書類に係る特定関与行為に対する課徴金納付命令勧告について １．勧告の内容 証券取引等監視委員会は、課徴金納付命令対象者における株式会社ディー・ディー・エス（法人番号7180001046613）（以下「ＤＤＳ」という。）が提出した虚偽開示書類に係る特定関与行為について検査した結果、以下のとおり法令違反の事実が認められたので、本日、内閣総理大臣及び金融庁長官に対して、金融庁設置法第20条第１項の規定に基づき、課徴金納付命令を発出するよう勧告を行った。 ２．法令違反の事実関係 ＤＤＳは、平成30年12月に行った外国法人に対する売掛金の過大計上等の発覚を免れるため、令和２年７月から８月にかけて、過大に算定された同外国法人の株式価値を前提とした引受価額で当該株式を引き受け、前記売掛金の全額を現物出資するなどの取引により同外国法人を子会社化するなどの一連の行為を行った上で、これを基礎としたのれん等の過大計上等の不適正な会計処理を行い、金融商品取引法第172条の４第１項及び第２項に規定する「重要な事項につき虚偽の記載」がある以下の有価証券報告書及び四半期報告書（以下、併せて「本件虚偽開示書類」という。）を提出した（「重要な事項につき虚偽の記載」の内容は別紙１の表の番号１から３のとおり）。 ・令和２年９月第３四半期四半期報告書（令和２年11月13日提出） ・令和２年12月期有価証券報告書（令和３年３月26日提出） ・令和３年３月第１四半期四半期報告書（令和３年５月14日提出） 課徴金納付命令対象者は、ＤＤＳが前記一連の行為を行った際、引受価額が正当な根拠に基づくものであることを装うために利用されることを知りながら、令和２年７月27日、ＤＤＳから前記外国法人の株式価値算定業務の依頼を受け、同日以降、真実は同外国法人株式には引受価額に相当する価値がなかったにもかかわらず、引受価額以上となるように同外国法人株式の１株当たりの株式価値を過大に算定し、これに基づき、同年８月21日、同外国法人に係る株式価値算定書を作成してＤＤＳに提出し、ＤＤＳによる前記一連の行為に利用させ、もって、本件虚偽開示書類を提出することを容易にすべき行為であって、本件虚偽開示書類の作成に必要な会計処理の基礎となるべき事実の一部を仮装するための一連の行為の一部であることを知りながら、当該仮装するための一連の行為の一部を行ったものである。 課徴金納付命令対象者が行った上記の行為は、金融商品取引法第172条の12第１項及び第２項に規定する「特定関与行為」に該当すると認められる。 ３．課徴金の額の計算 上記の違法行為について金融商品取引法に基づき算定される課徴金の額は、1,500,000円である（計算方法については別紙２のとおり）。 【別紙１】ＤＤＳが提出した有価証券報告書等の虚偽記載内容 番号 対象書類 虚偽記載 提出日 書類 会計期間 記載項目 主な内容（注） 主な事由 １ 令和２年 11月13日 第26期第３四半期（令和２年７月１日～同年９月30日）に係る四半期報告書 令和２年７月１日～同年９月30日の第３四半期連結会計期間 四半期連結 貸借対照表 連結純資産額が 2,087,838千円であるところを2,756,914千円と記載 貸倒引当金の過少計上、のれんの過大計上 ２ 令和３年 ３月26日 第26期（令和２年１月１日～同年12月31日）に係る有価証券報告書 令和２年１月１日～同年12月31日の連結会計期間 連結 貸借対照表 連結純資産額が 2,258,912千円であるところを2,936,909千円と記載 貸倒引当金の過少計上、のれん等の過大計上 ３ 令和３年 ５月14日 第27期第１四半期（令和３年１月１日～同年３月31日）に係る四半期報告書 令和３年１月１日～同年３月31日の第１四半期連結会計期間 四半期連結 貸借対照表 連結純資産額が 2,160,382千円であるところを2,805,842千円と記載 貸倒引当金の過少計上、のれん等の過大計上 （注）金額は千円未満切捨てである。 【別紙２】課徴金の計算方法 金融商品取引法第172条の12第１項及び金融商品取引法第六章の二の規定による課徴金に関する内閣府令第１条の８の２第１項第１号の規定により、課徴金納付命令対象者が行った特定関与行為に係る課徴金の額は、同人に対し、特定関与行為の手数料、報酬その他の対価として支払われ、又は支払われるべき金銭その他の財産の価額の総額である1,500,000円となる。"
2023-10-20,株式会社EduLab,4427,株式会社EduLabにおける有価証券報告書等の虚偽記載に係る課徴金納付命令勧告について,https://www.fsa.go.jp/sesc/news/c_2023/2023/20231020-1.html,"English version 令和５年10月20日 証券取引等監視委員会 株式会社EduLabにおける有価証券報告書等の虚偽記載に係る課徴金納付命令勧告について １．勧告の内容 証券取引等監視委員会は、株式会社EduLab（法人番号 6010401117444）（以下「当社」という。）における金融商品取引法に基づく開示規制の違反について検査した結果、以下のとおり法令違反の事実が認められたので、本日、内閣総理大臣及び金融庁長官に対して、金融庁設置法第20条第１項の規定に基づき、課徴金納付命令を発出するよう勧告を行った。 ２．法令違反の事実関係 （１）継続開示書類 当社の連結子会社は、売上の過大計上及び事業損失引当金の不計上等の不適正な会計処理を行った。 この結果、当社は、関東財務局長に対し、金融商品取引法第172条の４第１項及び第２項に規定する「重要な事項につき虚偽の記載」がある以下の有価証券報告書及び四半期報告書を提出した（「重要な事項につき虚偽の記載」の内容は別紙１の表の番号１から番号３のとおり）。 ・平成30年９月期有価証券報告書（平成30年12月28日提出） ・令和２年６月第３四半期四半期報告書（令和２年８月７日提出） ・令和２年９月期有価証券報告書（令和２年12月23日提出） （２）発行開示書類 ア　当社は、当社の連結子会社が行った売上の過大計上の不適正な会計処理により、過大な当期純利益等を計上した連結財務諸表を作成した。 この結果、当社は、関東財務局長に対し、平成30年11月16日、金融商品取引法第172条の２第１項に規定する「重要な事項につき虚偽の記載」がある有価証券届出書（株式の募集）を提出し、当該有価証券届出書に基づく募集により、平成30年12月20日、932,000株の株式を2,218,160,000円で取得させた（「重要な事項につき虚偽の記載」の内容は別紙１の表の番号４のとおり）。 イ　当社は、関東財務局長に対し、令和２年９月30日、上記（１）の重要な事項につき虚偽の記載がある令和２年６月第３四半期四半期報告書を参照情報とする金融商品取引法第172条の２第１項に規定する「重要な事項につき虚偽の記載」がある有価証券届出書（株式の募集）を提出し、当該有価証券届出書に基づく募集により、令和２年10月16 日、659,700株の株式を5,655,547,600円で取得させた（「重要な事項につき虚偽の記載」の内容は別紙１の表の番号５のとおり）。 ３．課徴金の額の計算 上記の違法行為について金融商品取引法に基づき算定される課徴金の額は、２億3,705万5,000円である（計算方法については別紙２のとおり）。 【別紙１】有価証券報告書等の虚偽記載内容 番号 対象書類 虚偽記載 提出日 書類 会計期間 記載項目 主な内容（注） 主な事由 １ 平成30年12月28日 第４期（平成29年10月１日～平成30年９月30日）に係る有価証券報告書 平成29年10月１日～平成30年９月30日の連結会計期間 連結 損益計算書 親会社株主に帰属する当期純利益が 328,138千円であるところを 549,366千円と記載 売上の過大計上 連結 貸借対照表 連結純資産額が 1,863,655千円であるところを 2,527,102千円と記載 ２ 令和２年８月７日 第６期第３四半期（令和２年４月１日～同年６月30日）に係る四半期報告書 令和元年10月１日～令和２年６月30日の第３四半期連結累計期間 四半期連結 損益計算書 営業利益が 431,302千円であるところを 705,319千円と記載 親会社株主に帰属する四半期純利益が 215,672千円であるところを 387,024千円と記載 事業損失引当金の不計上 ３ 令和２年12月23日 第６期（令和元年10月１日～令和２年９月30日）に係る有価証券報告書 令和元年10月１日～令和２年９月30日の連結会計期間 連結 損益計算書 親会社株主に帰属する当期純利益が 719,730千円であるところを 1,118,249千円と記載 事業損失引当金の不計上 ４ 平成30年11月16日 有価証券届出書 （株式の募集） 平成27年10月１日～平成28年９月30日の連結会計期間 連結 損益計算書 親会社株主に帰属する当期純利益が ▲17,304千円であるところを 72,694千円と記載 売上の過大計上 平成28年10月１日～平成29年９月30日の連結会計期間 連結 損益計算書 親会社株主に帰属する当期純利益が 12,727千円であるところを 335,947千円と記載 売上の過大計上 連結 貸借対照表 連結純資産額が 1,049,873千円であるところを 1,492,092千円と記載 平成29年10月１日～平成30年６月30日の第３四半期連結累計期間 四半期連結 損益計算書 親会社株主に帰属する四半期純利益が ▲13,800千円であるところを 197,438千円と記載 売上の過大計上 平成30年４月１日～同年６月30日の第３四半期連結会計期間 四半期連結 貸借対照表 連結純資産額が 1,523,211千円であるところを 2,176,670千円と記載 売上の過大計上 ５ 令和２年９月30日 有価証券届出書 （株式の募集） 「第三部 参照情報」 番号２に掲げる 第６期第３四半期に係る四半期報告書を参照 番号２参照 （注）金額は千円未満切捨てである。 【別紙２】課徴金の計算方法 （１）　金融商品取引法第172条の４第１項の規定により、平成30年９月期有価証券報告書について算出した課徴金の額は、当社の平成30年９月期有価証券報告書に記載されている当該事業年度に係る連結貸借対照表に計上されている資産の額の合計額7,802,013,000円から負債の額の合計額5,274,911,000円を控除して得た額2,527,102,000円に10万分の６を乗じて得た額151,626円が、6,000,000円を超えないことから、6,000,000円となる。 （２）　金融商品取引法第172条の４第１項及び第２項の規定により、令和２年６月第３四半期四半期報告書、令和２年９月期有価証券報告書ごとに算出した額（以下(２)において「個別決定ごとの算出額」という。）は、 ア　当社が発行する算定基準有価証券の市場価額の総額に10万分の６を乗じて得た額 ・令和２年６月第３四半期四半期報告書に係る額　　　　2,353,326円 ・令和２年９月期有価証券報告書に係る額　　　　　　　2,709,754円 が、いずれも イ　6,000,000円 を超えないことから、 ・令和２年６月第３四半期四半期報告書については、6,000,000円の２分の１に相当する額である3,000,000円 ・令和２年９月期有価証券報告書については、6,000,000円 となる。 ここで、令和２年６月第３四半期四半期報告書及び令和２年９月期有価証券報告書が、いずれも当社の同一の事業年度に係るものであることから、金融商品取引法第185条の７第６項の規定により、6,000,000円を個別決定ごとの算出額に応じて按分した下記の金額が、これらの開示書類に係る課徴金の額となる。 ・令和２年６月第３四半期四半期報告書に係る課徴金の額は、2,000,000円 ・令和２年９月期有価証券報告書に係る課徴金の額は、4,000,000円 なお、令和２年９月期有価証券報告書については、金融商品取引法第26条第１項の規定による検査等が行われる前に、課徴金の減額に係る報告書が提出されていることから、金融商品取引法第185条の７第14項の規定により、4,000,000円に100分の50を乗じて得た額に相当する額である 2,000,000円 となる。 （３）　金融商品取引法第172条の２第１項第１号の規定により、平成30年11月16日提出の有価証券届出書（株式の募集）に係る課徴金の額は、 重要な事項につき虚偽の記載がある発行開示書類に基づく募集により取得させた株式の発行価額の総額2,218,160,000円の100 分の4.5 に相当する額である99,817,200円 に、金融商品取引法第176条第２項の規定により１万円未満の端数を切り捨てて、 99,810,000円 となる。 （４）　金融商品取引法第172条の２第１項第１号の規定により、令和２年９月30日提出の有価証券届出書（株式の募集）に係る課徴金の額は、 重要な事項につき虚偽の記載がある発行開示書類に基づく募集により取得させた株式の発行価額の総額5,655,547,600円の100 分の4.5 に相当する額である254,499,642円 に、金融商品取引法第176条第２項の規定により１万円未満の端数を切り捨てて、 254,490,000円 となるが、金融商品取引法第26条第１項の規定による検査等が行われる前に、課徴金の減額に係る報告書が提出されていることから、金融商品取引法第185条の７第14項の規定により、254,490,000円に100分の50を乗じて得た額に相当する額である 127,245,000円 となる。"
2023-08-01,,,「証券モニタリング概要・事例集（令和５年８月）」について,https://www.fsa.go.jp/sesc/news/c_2023/2023/20230801-1.html,"令和５年８月１日 証券取引等監視委員会 「証券モニタリング概要・事例集（令和５年８月）」について 証券取引等監視委員会は「証券モニタリング概要・事例集（令和５年８月）」を取りまとめました。別紙のとおり公表いたします。 （別紙） 証券モニタリング概要・事例集（令和５年８月）（PDF/4,333KB） 過去の証券モニタリング概要・事例集は以下からご確認ください。 証券モニタリング概要・事例集"
2023-06-30,受託する証券会社・投資銀行,,「金融商品取引法における課徴金事例集～不公正取引編～」の公表について,https://www.fsa.go.jp/sesc/jirei/torichou/20230630.html,"令和５年６月３０日 証券取引等監視委員会 「金融商品取引法における課徴金事例集～不公正取引編～」の公表について 証券取引等監視委員会は、令和4年度版の「 金融商品取引法における課徴金事例集～不公正取引編～ （PDF:6,263KB） 」を取りまとめましたので、公表します。 本書は、証券取引等監視委員会（以下、「証券監視委」という。）が、主に令和4年4月から令和5年3月までの間に、金融商品取引法違反となる不公正取引に関し課徴金納付命令の勧告を行った事案の概要を取りまとめ、事例として紹介するものです。各事例において、勧告することの意義や特徴等も記載しています。 証券監視委としては、不公正取引の未然防止という観点から、本書を、 （１）重要事実等の発生源となる上場会社等におけるインサイダー取引管理態勢の一層の充実 （２）公開買付け等企業再編の当事者からフィナンシャル・アドバイザリー業務等を受託する証券会社・投資銀行等における重要事実等の情報管理の徹底 （３）証券市場のゲートキーパーとしての役割を担う証券会社における適正な売買審査の実施 のためにそれぞれ役立てていただくことを期待しています。 本書が活用されることにより、すべての市場利用者による自己規律の強化、市場の公正性・透明性の確保及び投資者保護につながることを強く期待しています。 過去の課徴金事例集はこちら"
2023-06-30,セルソース株式会社,4880,セルソース株式会社社員による内部者取引に対する課徴金納付命令の勧告について,https://www.fsa.go.jp/sesc/news/c_2023/2023/20230630-1.html,"English version 令和5年6月30日 証券取引等監視委員会 セルソース株式会社社員による内部者取引に対する課徴金納付命令の勧告について １．勧告の内容 証券取引等監視委員会は、セルソース株式会社社員による内部者取引について検査した結果、下記のとおり法令違反の事実が認められたので、本日、内閣総理大臣及び金融庁長官に対して、金融庁設置法第２０条第１項の規定に基づき、課徴金納付命令を発出するよう勧告を行った。 ２．法令違反の事実関係 課徴金納付命令対象者は、セルソース株式会社（以下「セルソース」という。）の社員であったが、その職務に関し、セルソースの令和２年１１月１日から令和３年１０月３１日までの事業年度の経常利益について、令和３年６月１４日に公表がされた直近の予想値（経常利益７億７１００万円）に比較して、同社が新たに算出した予想値（経常利益１０億６００万円）において、投資者の投資判断に及ぼす影響が重要なものとなる差異が生じた旨の重要事実を知りながら、同社において新たに算出した同事業年度の予想値の公表がされた令和３年１２月８日より前の同月６日から同月７日までの間、第三者名義の証券口座で自己の計算において、セルソース株式合計３００株を買付価額合計２０７万１０００円で買い付けたものである。 違反行為事実の概要については、 別図 のとおり。 課徴金納付命令対象者が行った上記の行為は、金融商品取引法第１７５条第１項に規定する「第１６６条第１項の規定に違反して、同条第１項に規定する売買等をした」行為に該当すると認められる。 ３．課徴金の額の計算 上記の違反行為に対し、金融商品取引法に基づき納付を命じられる課徴金の額は、４４万円である。 計算方法の詳細については、 別紙 のとおり。 （別図） ○違反行為事実の概要について （クリックすると拡大されます） （別紙） ○課徴金の額の計算方法について １．金融商品取引法第１７５条第１項第２号の規定により、当該有価証券の買付けについて、業務等に関する重要事実の公表がされた後２週間における最も高い価格（8,400円）に当該有価証券の買付けの数量を乗じて得た額から、当該有価証券の買付けをした価格にその数量を乗じて得た額を控除した額。 （8,400円×300株） －(6,850円×100株＋6,930円×200株） ＝449,000円 ２．金融商品取引法第１７６条第２項の規定により、上記１．で計算した額の１万円未満の端数を切捨て、 440,000円となる。"
2023-06-28,及び株式会社,,S DIVISION HOLDINGS INC.及び株式会社STEPCAPITALMANAGEMENT並びにその役員１名による金融商品取引法違反行為に係る裁判所への禁止及び停止命令発出の申立てについて,https://www.fsa.go.jp/sesc/news/c_2023/2023/20230628-1.html,English version 令和５年６月28日 証券取引等監視委員会 S DIVISION HOLDINGS INC.及び株式会社STEPCAPITALMANAGEMENT並びにその役員１名による金融商品取引法違反行為に係る裁判所への禁止及び停止命令発出の申立てについて １．申立ての内容等 証券取引等監視委員会が、S DIVISION HOLDINGS INC.（フィリピン共和国、金融商品取引業の登録等はない。以下「SDH社」という。）及び株式会社STEPCAPITALMANAGEMENT（大阪市北区、法人番号2011001102831、資本金1000万円、金融商品取引業の登録等はない。以下「キャピタル社」という。）に対して金融商品取引法（以下「金商法」という。）第187条第１項に基づく調査を行った結果、下記２．の事実が認められたことから、本日、証券取引等監視委員会は、金商法第192条第１項に基づき、大阪地方裁判所に対し、SDH社及びキャピタル社並びにSDH社の会長で、キャピタル社の代表者である須見一（すみはじめ、以下「須見」といい、SDH社及びキャピタル社と併せて「当社ら」という。）を被申立人として、金商法違反行為（下記ア～ウ）の禁止及び停止を命ずるよう申立てを行った。 ア　SDH社及び須見につき、有価証券届出書を提出することなく金商法第４条第１項本文の規定の適用を受ける外国法人の発行する証券で社債券の性質を有するもの又はこれに表示されるべき権利であって、当該証券が発行されていない場合における当該権利（以下「外国社債」という。）の募集を行い、届出の効力発生前にこれを取得させること。 イ　キャピタル社及び須見につき、有価証券届出書を提出することなく社債券又はこれに表示されるべき権利であって当該社債券が発行されていない場合における当該権利（以下「社債」という。）の募集を行い、届出の効力発生前にこれを取得させること。 ウ　キャピタル社及び須見につき、無登録で、外国社債及び社債の募集又は私募の取扱いを業として行うこと。 ２．事実関係 SDH社は、平成29年７月５日に設立されたフィリピン共和国に所在する外国法人であり、須見が運営するS DIVISION HOLDINGS INC.グループ（以下「SDH社グループ」という。）を総括している。 SDH社グループには、フィリピン共和国内において、レンディング事業、ファイナンス事業、ビジネス・プロセス・アウトソーシング事業等を行う現地法人が事業ごとに存在するほか、当該事業に関する日本側の窓口として、キャピタル社等が存在している。 こうした中、SDH社及び須見は、下記⑴のとおり、有価証券届出書を提出することなく外国社債の募集を行い、届出の効力発生前にこれを取得させている。また、キャピタル社及び須見は、下記⑵のとおり、有価証券届出書を提出することなく社債の募集を行い、届出の効力発生前にこれを取得させているほか、下記⑶のとおり、金商法第29条所定の登録を受けずに、外国社債の募集又は私募の取扱いを業として行っている。 ⑴　外国社債の無届募集 SDH社及び須見は、SDH社グループのフィリピン共和国内におけるレンディング事業等の運転資金に充てるため、令和３年６月以降、外国社債を発行し、須見を中心に、複数の代理店等により募集を行っているが、このうち、少なくとも令和４年７月、同年８月及び同年９月発行分の外国社債については、50名以上の者に対し、有価証券届出書を提出することなく募集を行っており、その発行価額の総額が１億円以上となっている。 SDH社及び須見は、令和３年６月から令和４年９月までの間に、少なくとも延べ2340名の一般投資家に対し、150億円を超える外国社債を購入させている。 SDH社及び須見の上記行為のうち少なくとも令和４年７月、同年８月及び同年９月発行分の外国社債の募集（約56億円）は、有価証券届出書を提出することなく有価証券の募集を行ったものとして金商法第４条第１項に違反するとともに、同項の規定による届出の効力発生前にこれを取得させたものとして金商法第15条第１項に違反する。 ⑵　社債の無届募集 キャピタル社及び須見は、SDH社グループのフィリピン共和国内におけるレンディング事業等の運転資金に充てるため、平成28年10月以降、継続的に社債を発行し、須見を中心に、複数の代理店等により募集を行っているが、このうち少なくとも令和３年９月及び12月発行分の社債については、50名以上の者に対し、有価証券届出書を提出することなく募集を行っており、その発行価額の総額が１億円以上となっている。 キャピタル社及び須見は、平成28年10月から令和４年11月までの間に、少なくとも延べ2001名の一般投資家に対し、52億円を超える社債を購入させている。 キャピタル社及び須見の上記行為のうち少なくとも令和３年９月及び12月発行分の社債の募集（約4.6億円）は、有価証券届出書を提出することなく有価証券の募集を行ったものとして金商法第４条第１項に違反するとともに、同項の規定による届出の効力発生前にこれを取得させたものとして金商法第15条第１項に違反する。 ⑶　外国社債の募集又は私募の取扱い キャピタル社及び須見は、SDH社が発行する外国社債につき、多数の一般投資家を相手方として、反復継続して、対面等の方法により、SDH社グループの事業内容や商品概要のほか、当該商品はリスクが少なく、メリットが大きいといった説明を行うなどして、取得勧誘を行っている。 キャピタル社及び須見の上記行為は、外国社債の募集又は私募の取扱いを業として行うものとして、金商法第28条第１項第１号に規定する「第一種金融商品取引業」に該当し、無登録でこれを行うことは、金商法第29条に違反する。 また、キャピタル社及び須見は、今後も資金調達をする必要がある等の事情があることに加え、SDH社グループのキャピタル社以外の内国法人においても社債を発行しており、外国社債の取得勧誘に係る枠組みを容易に利用可能であることなどを踏まえると、社債の募集又は私募の取扱いを業として行うおそれがある。 当社らは、上記金商法違反行為を今後も継続して行う蓋然性が高いことから、これを可及的速やかに禁止・停止させる必要がある。 【顧客の皆様へ】 〇 証券取引等監視委員会は、大阪地方裁判所に対し、SDH社及びキャピタル社並びにその役員１名（以下「当社ら」といいます。）による金商法違反行為（無届募集及び無登録金商業）の禁止及び停止を命ずるよう申立てを行いました（令和５年６月28日）。 〇 当社らは、いずれも金融商品取引業の登録等を受けた業者ではありません。 〇　当社らは、当社らと業務委託契約を締結した複数の代理店等によるほか、当社らから商品を購入した顧客の紹介を受け、対面、又は対面に準ずる方法（ウェブ会議、電子メール等）により、SDH社グループの事業内容や商品概要、商品購入に係るメリット（SDH社グループが存続する限り、利息支払が滞らず、かつ、元本も償還されること、一般的な商品と比べて利率が高いこと等）の説明を行うなどして、取得勧誘を行っていました。 〇　当社らは、取得勧誘に当たり、元本償還されるのでリスクが少なく、利率は高いのでメリットが大きいといった説明を行っていますが、いずれも何ら保証されるものではありません。なお、証券取引等監視委員会の調査の結果によれば、SDH社グループのフィリピン共和国内における事業のために海外送金されている額は、当社らが調達した資金の一部にとどまっています。 〇　本件申立ては、当社らによる金商法違反行為の禁止及び停止を命ずるよう裁判所に求めるものであり、顧客への投資資金の返金の禁止を求めるものではありません。 〇 【一般投資家の皆様へ】も、併せてご確認ください。 【一般投資家の皆様へ】 〇　無登録業者が、実際には契約内容のとおりの取引を行っていなかったなどのトラブルが多発しています。無登録業者には、金融庁の監督権限が及ばず、投資者保護規定に基づく処分等が行えませんので、ご注意ください。 〇　仮に、海外当局の登録を受けた業者であったとしても、当該海外当局は、他国民との取引について監督指導等を行わないことや、金融庁と同等の監督権限がないことなどがあります。海外当局の登録を受けたことをもって日本と同等の投資者保護を担保するものではありません。 〇 一般に、無登録業者は、実際には契約内容のとおりの取引を行っていない商品であったとしても、返金等を希望する顧客に対し、他の顧客の投資資金を交付することで、返金等に応じることがあります。これまでに返金等を受けることができていたとしても、そのことをもって、直ちに当該商品が信頼できるとは言えませんので、ご注意ください。 〇 日本で登録を受けずに金融商品取引業を行うことは違法です。 取引の相手方が登録を受けているか、 こちら でご確認ください。 また、無登録で金融商品取引業を行っているとして、金融庁（財務局）が警告を行った者の名称等は、 こちら をご確認ください。 ○　不特定多数の者に有価証券の取得の勧誘を行う場合には、有価証券届出書の提出が必要です。有価証券届出書を提出しているかどうかは、 ＥＤＩＮＥＴ で確認することができます。 (クリックすると拡大されます。) (クリックすると拡大されます。) 参考条文 〇第一種金融商品取引業、有価証券の募集等 金融商品取引法（抄） （定義） 第二条　この法律において「有価証券」とは、次に掲げるものをいう。 一～四　（略） 五　社債券（相互会社の社債券を含む。以下同じ。） 六～十六　（略） 十七　外国又は外国の者の発行する証券又は証書で第一号から第九号まで又は第十二号から前号までに掲げる証券又は証書の性質を有するもの（次号に掲げるものを除く。） 十八～二十一　（略） ２　前項第一号から第十五号までに掲げる有価証券、同項第十七号に掲げる有価証券（略）であつて内閣府令で定めるものに表示されるべき権利（以下この項及び次項において「有価証券表示権利」と総称する。）は、有価証券表示権利について当該権利を表示する当該有価証券が発行されていない場合においても、当該権利を当該有価証券とみなし（略）次に掲げる権利は、証券又は証書に表示されるべき権利以外の権利であつても有価証券とみなして、この法律の規定を適用する。 ３　この法律において、「有価証券の募集」とは、新たに発行される有価証券の取得の申込みの勧誘（これに類するものとして内閣府令で定めるもの（次項において「取得勧誘類似行為」という。）を含む。以下「取得勧誘」という。）のうち、当該取得勧誘が第一項各号に掲げる有価証券又は前項の規定により有価証券とみなされる有価証券表示権利（略）同項各号に掲げる権利（電子情報処理組織を用いて移転することができる財産的価値（電子機器その他の物に電子的方法により記録されるものに限る。）に表示される場合（流通性その他の事情を勘案して内閣府令で定める場合を除く。）に限る。）（次項及び第六項、第二条の三第四項及び第五項並びに第二十三条の十三第四項において「第一項有価証券」という。）に係るものである場合にあつては第一号及び第二号に掲げる場合（略）に該当するものをいい、「有価証券の私募」とは、取得勧誘であつて有価証券の募集に該当しないものをいう。 一　多数の者（適格機関投資家（有価証券に対する投資に係る専門的知識及び経験を有する者として内閣府令で定める者をいう。以下同じ。）が含まれる場合であつて、当該有価証券がその取得者である適格機関投資家から適格機関投資家以外の者に譲渡されるおそれが少ないものとして政令で定める場合に該当するときは、当該適格機関投資家を除く。）を相手方として行う場合として政令で定める場合（特定投資家のみを相手方とする場合を除く。） 二・三　（略） ４～７　（略） ８　この法律において「金融商品取引業」とは、次に掲げる行為（略）のいずれかを業として行うことをいう。 一～八　（略） 九　有価証券の募集若しくは売出しの取扱い又は私募若しくは特定投資家向け売付け勧誘等の取扱い 十～十八　（略） ９～42　（略） （募集又は売出しの届出） 第四条　有価証券の募集（特定組織再編成発行手続を含む。第十三条及び第十五条第二項から第六項までを除き、以下この章及び次章において同じ。）又は有価証券の売出し（次項に規定する適格機関投資家取得有価証券一般勧誘及び第三項に規定する特定投資家等取得有価証券一般勧誘に該当するものを除き、特定組織再編成交付手続を含む。以下この項において同じ。）は、発行者が当該有価証券の募集又は売出しに関し内閣総理大臣に届出をしているものでなければ、することができない。ただし、次の各号のいずれかに該当するものについては、この限りでない。 一　有価証券の募集又は売出しの相手方が当該有価証券に係る次条第一項各号に掲げる事項に関する情報を既に取得し、又は容易に取得することができる場合として政令で定める場合における当該有価証券の募集又は売出し 二　有価証券の募集又は売出しに係る組織再編成発行手続又は組織再編成交付手続のうち、次に掲げる場合のいずれかに該当するものがある場合における当該有価証券の募集又は売出し（前号に掲げるものを除く。） イ・ロ　（略） 三　その有価証券に関して開示が行われている場合における当該有価証券の売出し（前二号に掲げるものを除く。） 四　外国で既に発行された有価証券又はこれに準ずるものとして政令で定める有価証券の売出し（金融商品取引業者等が行うものに限る。）のうち、国内における当該有価証券に係る売買価格に関する情報を容易に取得することができることその他の政令で定める要件を満たすもの（前三号に掲げるものを除く。） 五　発行価額又は売出価額の総額が一億円未満の有価証券の募集又は売出しで内閣府令で定めるもの（前各号に掲げるものを除く。） ２～７　（略） （届出の効力発生前の有価証券の取引禁止及び目論見書の交付） 第十五条　発行者、有価証券の売出しをする者、引受人（適格機関投資家取得有価証券一般勧誘（開示が行われている場合における有価証券に係るものを除く。）又は特定投資家等取得有価証券一般勧誘（開示が行われている場合における有価証券に係るものを除く。）に際し、第二条第六項各号のいずれかを行う者を含む。以下この章において同じ。）、金融商品取引業者、登録金融機関若しくは金融商品仲介業者又は金融サービス仲介業者（金融サービスの提供に関する法律（平成十二年法律第百一号）第十一条第六項に規定する金融サービス仲介業者をいい、有価証券等仲介業務（同条第四項に規定する有価証券等仲介業務をいう。以下同じ。）を行う者に限る。以下同じ。）は、その募集又は売出しにつき第四条第一項本文、第二項本文又は第三項本文の規定の適用を受ける有価証券については、これらの規定による届出がその効力を生じているのでなければ、これを募集又は売出しにより取得させ、又は売り付けてはならない。 ２～６（略） 第二十八条　この章において「第一種金融商品取引業」とは、金融商品取引業のうち、次に掲げる行為のいずれかを業として行うことをいう。 一　有価証券（第二条第二項の規定により有価証券とみなされる同項各号に掲げる権利（電子記録移転権利を除く。次項第二号及び第六十四条第一項第一号において同じ。）を除く。）についての第二条第八項第一号から第三号まで、第五号、第八号又は第九号に掲げる行為 一の二～五　（略） ２～８　（略） （登録） 第二十九条　金融商品取引業は、内閣総理大臣の登録を受けた者でなければ、行うことができない。 第百九十七条の二　次の各号のいずれかに該当する者は、五年以下の懲役若しくは五百万円以下の罰金に処し、又はこれを併科する。 一　第四条第一項の規定による届出を必要とする有価証券の募集若しくは売出し、同条第二項の規定による届出を必要とする適格機関投資家取得有価証券一般勧誘又は同条第三項の規定による届出を必要とする特定投資家等取得有価証券一般勧誘について、これらの届出が受理されていないのに当該募集、売出し、適格機関投資家取得有価証券一般勧誘若しくは特定投資家等取得有価証券一般勧誘又はこれらの取扱いをした者 二　（略） 三　第十五条第一項（第二十七条において準用する場合を含む。）、第二十三条の八第一項（第二十七条において準用する場合を含む。）、第二十七条の三第三項（第二十七条の二十二の二第二項において準用する場合を含む。）、第二十七条の八第七項（第二十七条の二十二の二第二項において準用する場合を含む。）又は第二十七条の八第九項（第二十七条の二十二の二第二項及び第二十七条の二十二の三第四項において準用する場合を含む。）の規定に違反した者 四～十の三　（略） 十の四　第二十九条の規定に違反して内閣総理大臣の登録を受けないで金融商品取引業を行つた者 十の五～十五　（略） 第二百七条　法人（法人でない団体で代表者又は管理人の定めのあるものを含む。以下この項及び次項において同じ。）の代表者又は法人若しくは人の代理人、使用人その他の従業者が、その法人又は人の業務又は財産に関し、次の各号に掲げる規定の違反行為をしたときは、その行為者を罰するほか、その法人に対して当該各号に定める罰金刑を、その人に対して各本条の罰金刑を科する。 一　（略） 二　第百九十七条の二（第十一号及び第十二号を除く。）又は第百九十七条の三　五億円以下の罰金刑 三～六　（略） ２・３　（略） 〇緊急差止命令に係る申立て 金融商品取引法（抄） （審問等に関する調査のための処分） 第百八十七条　内閣総理大臣又は内閣総理大臣及び財務大臣は、この法律の規定による審問、この法律の規定による処分に係る聴聞又は第百九十二条の規定による申立てについて、必要な調査をするため、当該職員に、次に掲げる処分をさせることができる。 一　関係人若しくは参考人に出頭を命じて意見を聴取し、又はこれらの者から意見書若しくは報告書を提出させること。 二　鑑定人に出頭を命じて鑑定させること。 三　関係人に対し帳簿書類その他の物件の提出を命じ、又は提出物件を留めて置くこと。 四　関係人の業務若しくは財産の状況又は帳簿書類その他の物件を検査すること。 ２　（略） （裁判所の禁止又は停止命令） 第百九十二条　裁判所は、次の各号のいずれかに該当すると認めるときは、内閣総理大臣又は内閣総理大臣及び財務大臣の申立てにより、当該各号に定める行為を行い、又は行おうとする者に対し、その行為の禁止又は停止を命ずることができる。 一　緊急の必要があり、かつ、公益及び投資者保護のため必要かつ適当であるとき　この法律又はこの法律に基づく命令に違反する行為 二　（略） ２～４　（略） 第百九十八条　次の各号のいずれかに該当する者は、三年以下の懲役若しくは三百万円以下の罰金に処し、又はこれを併科する。 一～七　（略） 八　第百九十二条第一項又は第二項の規定による裁判所の命令に違反した者 第二百七条　法人（法人でない団体で代表者又は管理人の定めのあるものを含む。以下この項及び次項において同じ。）の代表者又は法人若しくは人の代理人、使用人その他の従業者が、その法人又は人の業務又は財産に関し、次の各号に掲げる規定の違反行為をしたときは、その行為者を罰するほか、その法人に対して当該各号に定める罰金刑を、その人に対して各本条の罰金刑を科する。 一・二　（略） 三　第百九十八条（略）又は第百九十八条の三から第百九十八条の五まで　三億円以下の罰金刑 四～六　（略） ２・３　（略）
2023-06-27,東都水産株式会社,,東都水産株式会社役員から伝達を受けた者による内部者取引に対する課徴金納付命令の勧告について,https://www.fsa.go.jp/sesc/news/c_2023/2023/20230627-1.html,"English version 令和5年6月27日 証券取引等監視委員会 東都水産株式会社役員から伝達を受けた者による内部者取引に対する課徴金納付命令の勧告について １．勧告の内容 証券取引等監視委員会は、東都水産株式会社役員から伝達を受けた者による内部者取引について検査した結果、下記のとおり法令違反の事実が認められたので、本日、内閣総理大臣及び金融庁長官に対して、金融庁設置法第２０条第１項の規定に基づき、課徴金納付命令を発出するよう勧告を行った。 ２．法令違反の事実関係 課徴金納付命令対象者は、東都水産株式会社（以下「東都水産」という。）の役員であった甲から、同人がその職務に関し知った、東都水産の役員らがその職務に関し合同会社ＡＳＴＳホールディングス（令和３年２月９日商号変更により合同会社麻生東水ホールディングス）からの伝達により知った同社の業務執行を決定する機関が東都水産株式の公開買付けを行うことについての決定をした旨の公開買付けの実施に関する事実の伝達を受けながら、上記事実の公表がされた令和２年１１月９日午後３時頃より前の同日午後２時３４分頃、自己の計算において、東都水産株式合計５００株を買付価額合計２１５万８０００円で買い付けたものである。 違反行為事実の概要については、 別図 のとおり。 課徴金納付命令対象者が行った上記の行為は、金融商品取引法第１７５条第２項に規定する「第１６７条第３項の規定に違反して、同条第１項に規定する特定株券等若しくは関連株券等に係る買付け等をした」行為に該当すると認められる。 ３．課徴金の額の計算 上記の違反行為に対し、金融商品取引法に基づき納付を命じられる課徴金の額は、２７万円である。 計算方法の詳細については、 別紙 のとおり。 ４．その他 役員甲については、令和４年１２月１日、東都水産株式に係る内部者取引及び課徴金納付命令対象者に対する情報伝達行為の嫌疑で、函館地方検察庁に告発済みである。 （別図） ○違反行為事実の概要について （クリックすると拡大されます） （別紙） ○課徴金の額の計算方法について １．金融商品取引法第１７５条第２項第２号の規定により、当該有価証券の買付けについて、公開買付け等の実施に関する事実の公表がされた後２週間における最も高い価格（4,864.5円）に当該有価証券の買付けの数量を乗じて得た額から、当該有価証券の買付けをした価格にその数量を乗じて得た額を控除した額。 （4,864.5円×500株） －(4,300円×100株＋4,315円×100株＋4,320円×200株＋4,325円×100株） ＝274,250円 ２．金融商品取引法第１７６条第２項の規定により、上記１．で計算した額の１万円未満の端数を切捨て、 270,000円となる。"
2023-06-09,株式会社武蔵野銀行,8336,株式会社武蔵野銀行に対する検査結果に基づく勧告について,https://www.fsa.go.jp/sesc/news/c_2023/2023/20230609-3.html,"English version 令和５年６月９日 証券取引等監視委員会 株式会社武蔵野銀行に対する検査結果に基づく勧告について １．勧告の内容 関東財務局長が株式会社武蔵野銀行（さいたま市大宮区、法人番号6030001002490、取締役頭取　長堀 和正、資本金457億円、常勤役職員2,823名、登録金融機関）を検査した結果、下記のとおり、当該登録金融機関に係る問題が認められたので、本日、証券取引等監視委員会は、内閣総理大臣及び金融庁長官に対して、金融庁設置法第20条第１項の規定に基づき、行政処分を行うよう勧告した。 ２．事実関係 ○　金融商品仲介業務に関し、投資者保護上の問題が認められる状況 株式会社武蔵野銀行（以下「当行」という。）は、株式会社千葉銀行（千葉市中央区、法人番号2040001000019、取締役頭取　米本 努）の子会社であるちばぎん証券株式会社（千葉市中央区、法人番号4040001034601、代表取締役社長　稲村 幸仁、以下「ちばぎん証券」という。）との間で、金融商品仲介業務に係る提携契約を締結し、金融商品仲介業務として同証券に顧客を紹介する業務（以下「紹介型仲介」という。）を行っている。紹介型仲介では、顧客に対し、ちばぎん証券が扱う商品概要の説明のみを行うこととしている。また、同業務は顧客紹介のみを行うとしていることから、当行において、顧客属性（知識、投資経験、財産の状況、投資目的）の確認を行っていない。 紹介型仲介による収益は、紹介顧客がちばぎん証券で取引をした際に支払った手数料等のうち、一定割合が当行に配分される仕組みとなっている。また、当行の行員は、個別商品に係る説明が禁止されているため、自らが直接収益を発生させることはできないにもかかわらず、行員の収益目標には、ちばぎん証券が紹介顧客から得る個別商品に係る収益も含まれていることがあった。 今回検査において、当行が行う金融商品仲介業務の状況について検証したところ、以下のとおり問題が認められた。 ⑴　顧客属性を確認及び検討しないまま、顧客を仕組債購入へ誘引している状況 紹介型仲介では、顧客に対し、ちばぎん証券が扱う商品概要の説明のみを行うこととしているところ、これに反し、仕組債に誘引している事例が認められた。 商品概要の説明のみにとどまらず、仕組債を提案するのであれば、顧客属性を十分確認し、どのような提案が適切であるか慎重に検討した上で行うべきところ、当行においては、顧客属性を確認しないまま、高金利や短期間といった優位性を強調して仕組債に誘引しており、投資者保護上問題のある行為であると認められる。 ⑵　内部管理態勢が不十分な状況 当行は、ちばぎん証券と共同で研修等を複数開催している。研修計画の策定は当行関連部署が行っているものの、研修資料の作成及び講義の実施についてはちばぎん証券に一任していることなどから、研修等資料の内容が、投資者保護上問題がないかといった観点から確認を行っていない。このため、総じて仕組債に偏った研修が行われるなど仕組債を誘引させる内容の研修が実施されることになっており、研修態勢は不十分な状況と認められる。 また、当行は、ちばぎん証券からの提案により、定期的に苦情事例等の情報連携を行う連絡会を開催し、当行の紹介顧客に関する苦情が同証券に対して継続的に多数寄せられていること等を把握していたにもかかわらず、原因分析も一切行わないまま、その後も、何ら検討することなく紹介を継続していると認められ、苦情の背景や要因について分析や検討が行われていない状況となっており、苦情処理に関する内部管理態勢が不十分であると認められる。 さらに、当行では、顧客毎の交渉経緯記録に紹介顧客に対する説明内容が詳細に記載されていない状況にあり、このため、営業部店、内部管理部門及び監査部門による確認も形式的なものにとどまっており、顧客への説明状況に関する実効性のあるモニタリング態勢も不十分であると認められる。 加えて、経営陣が、行員が仕組債購入へ誘引している状況を把握していないこと、行員が収益目標達成のために概要説明を超えた商品説明をして顧客を誘引する事象が発生しうる仕組みとなっていることを適切に認識していないこと、紹介顧客からの苦情が多数寄せられている実態を把握していたにもかかわらず、担当部署に任せきりにし、苦情対応が不十分であることを正確に把握していないなど、紹介型仲介に関し、経営陣のガバナンスが十分に発揮されていないことも要因となり、紹介型仲介に関する業務運営態勢の構築も不十分であると認められる。 登録金融機関が金融商品仲介業務を行うに際しては、金融商品取引法上、投資者保護の観点から、適切な態勢整備や業務運営が求められているところ、上記⑴及び⑵のとおり、当行においては、金融商品仲介業務を行うための適切な態勢整備が行われない中で、顧客属性を確認しないまま、顧客を仕組債購入へ誘引している状況が認められており、投資者保護上、問題があるものと認められる。なお、これらの状況は、結果として、ちばぎん証券の適合性の原則に抵触する業務運営にも繋がっているものと認められる。 以上のことから、当行における紹介型仲介の業務運営は、投資者保護上重大な問題があり、金融商品取引法第51条の２に規定する「業務の運営に関し、公益又は投資者保護のため必要かつ適当であると認めるとき」に該当するものと認められる。 参考資料(PDF:662KB) （参考条文） ○　金融商品取引法（昭和23年法律第25号）（抄） （登録金融機関に対する業務改善命令） 第五十一条の二　内閣総理大臣は、登録金融機関の業務の運営に関し、公益又は投資者保護のため必要かつ適当であると認めるときは、その必要の限度において、当該登録金融機関に対し、業務の方法の変更その他業務の運営の改善に必要な措置をとるべきことを命ずることができる。"
2023-06-20,,,令和４年度「証券取引等監視委員会の活動状況」の公表について,https://www.fsa.go.jp/sesc/reports/n_2022/n_2022.html,"令和５年６月20日 証券取引等監視委員会 証券取引等監視委員会の活動状況の公表について 証券取引等監視委員会（以下「証券監視委」という。）は、金融庁設置法第22条の規定に基づき、毎年、活動状況等を公表しています。今回は、その31回目として、令和４年度（令和４年4月1日～令和５年3月31日）の「証券取引等監視委員会の活動状況」を公表します。 公表内容の主な記載内容 １．令和４（2022）年度の活動概要 情報提供窓口等を通じて6,713件の情報を受け付けるなど、市場全体について幅広い情報収集を行い、こうした情報等をもとに、不公正取引の疑いのある取引等について1,065件の審査を実施した。 金融商品取引業者等に対するリスクベースアプローチに基づく検査を行った結果、５件の行政処分勧告に至った。 不公正取引（課徴金納付命令勧告14件）や開示規制違反（同７件）へ迅速に対応しつつ、重大・悪質事案への厳正な対応（告発８件）を行った。 令和４（2022）年12月に第11期が発足し、新体制の下、当期における「中期活動方針」を策定した。 ２．金商業者等に対する証券モニタリング （行政処分勧告・無登録業者等） 行政処分勧告 規模・業態を踏まえたリスクアセスメントを実施 規模業態別の業務運営上の課題及びリスクを取りまとめ リスクアセスメントに応じた検査を実施 59件着手、５件の行政処分勧告 実効性ある内部管理態勢の構築等を促す取組みを実施 「留意すべき事項（問題は顕在化していないものの改善が必要な事項）」を検査終了通知書に記載し、問題意識をモニタリング先と共有 無登録業者等 金商法違反行為に対する裁判所への禁止・停止命令発出の申立て 投資者被害拡大防止のため、無登録業者等による金商法違反行為に対する裁判所への禁止・停止命令発出を求める申立てを実施 関係機関との連携強化 金融庁関連部局、各財務局、捜査当局及び消費者庁等との連携を強化 ３．不公正取引の調査 （課徴金勧告） 内部者取引規制違反 勧告件数は８件 金融機関の職員が職務上知った情報を悪用し、内部者取引及び取引推奨を行った事案を勧告 情報伝達規制違反を１件、取引推奨規制違反を３件勧告 公開買付け等事実を重要事実とする勧告件数が多い 相場操縦規制違反 勧告件数は６件（うち、クロスボーダー事案は１件） 他人名義を含む複数の証券口座を使用し、買い板を厚くして下値を支えながら株価引上げを伴う対当売買を繰り返し行うことで第三者の取引を誘引したり、国債先物オプション取引においてオプションの原資産である長期国債先物の売買で見せ玉を行うなど、相場操縦の手口は複雑化・巧妙化 ４．開示規制違反の検査 （課徴金勧告） 開示規制違反の勧告件数は７件 以下のような事案について勧告を実施 関連当事者との取引に関する注記を記載しなかった事案 連結範囲に含めるべき海外子会社に対する売上の過大計上等の不適正な会計処理が行われた事案 重要事象等 ※ が存在するにもかかわらず、そのことを記載しなかった事案 ※ 将来にわたって事業活動を継続するとの前提に重要な疑義を生じさせるような事象又は状況等 開示規制違反の再発防止・未然防止の観点から、上場会社の経営陣とその背景・原因等について議論し、問題意識を共有 ５．犯則事件の調査 （告発） 犯則事件の告発件数は８件 内部者取引事件７件、相場操縦事件１件 公正・透明な市場の実現に向け、犯則調査の権限を適切に行使し、重大で悪質な不公正取引等に厳正に対応 ６．市場監視を支えるインフラの整備（デジタル技術、人材の活用） デジタル技術を活用した市場監視業務の高度化・効率化の推進 （例）金融機関に対する預貯金照会サービス利用開始準備（令和５年４月契約） ※ ※ 約100の金融機関が参加（令和５（2023）年３月時点）。照会・回答業務のデジタル化を通じて、金融機関・証券監視委双方の業務負荷を軽減。 市場監視の土台となるシステム等の機能強化 デジタルフォレンジック技術の一層の向上及びシステムの高度化 OJTを通じた職員の専門性向上や高い専門的知識を有する人材の登用 ７．市場規律強化に向けた取組み 多様なチャネルを通じた情報発信 ウェブサイトや講演、寄稿など多様なチャネルを通じて、勧告事案等の意義や問題点等を発信 違反行為等の再発防止・未然防止に向け、事例集やコラム（年次公表）を通じた注意喚起を実施 市場環境整備への積極的な貢献 「合同会社による社員権の取得勧誘について」(令和４(2022)年６月21日)の建議を実施 自主規制機関等との連携 売買審査等で日常的に連携したほか、定期的な意見交換により相互の問題意識を適時に共有 証券会社における売買管理に関する要請 証券会社に対し、自社の売買管理態勢を自主点検し、売買管理の実効性を高めるよう要請 海外当局との連携 証券監督者国際機構（IOSCO）において、証券規制の課題等の議論に積極的に参加したほか、IOSCO MMoU ※ に基づく情報交換により、クロスボーダー取引による違反行為に対して迅速な法執行を実施 ※ IOSCO MMoU ：IOSCOが策定する協議・協力及び情報交換に関する多国間覚書 海外当局職員への研修の実施等により、当局間ネットワークの強化や問題意識を共有 「証券取引等監視委員会の活動状況」の本文へ 全体版（PDF/4.474KB） 主なポイント（PDF/873KB） 本編（PDF/1,768KB） 附属資料編（PDF/2,711KB） ポイントの英語版（PDF/681KB） （仮訳）"
2023-06-09,株式会社千葉銀行,8331,株式会社千葉銀行に対する検査結果に基づく勧告について,https://www.fsa.go.jp/sesc/news/c_2023/2023/20230609-2.html,"English version 令和５年６月９日 証券取引等監視委員会 株式会社千葉銀行に対する検査結果に基づく勧告について １．勧告の内容 関東財務局長が株式会社千葉銀行（千葉市中央区、法人番号2040001000019、取締役頭取　米本 努、資本金1,450億円、常勤役職員4,269名、登録金融機関）を検査した結果、下記のとおり、当該登録金融機関に係る問題が認められたので、本日、証券取引等監視委員会は、内閣総理大臣及び金融庁長官に対して、金融庁設置法第20条第１項の規定に基づき、行政処分を行うよう勧告した。 ２．事実関係 ○　金融商品仲介業務に関し、投資者保護上の問題が認められる状況 株式会社千葉銀行（以下「当行」という。）は、ちばぎん証券株式会社（千葉市中央区、法人番号4040001034601、代表取締役社長　稲村 幸仁、以下「ちばぎん証券」という。）との間で、金融商品仲介業務に係る提携契約を締結し、金融商品仲介業務として同証券に顧客を紹介する業務（以下「紹介型仲介」という。）を行っている。紹介型仲介では、顧客に対し、ちばぎん証券が扱う商品概要の説明のみを行うこととしている。また、同業務は顧客紹介のみを行うとしていることから、当行において、顧客属性（知識、投資経験、財産の状況、投資目的）の確認を行っていない。 紹介型仲介による収益は、紹介顧客がちばぎん証券で取引をした際に支払った手数料等のうち、一定割合が当行に配分される仕組みとなっている。また、当行の行員は、個別商品に係る説明が禁止されているため、自らが直接収益を発生させることはできないにもかかわらず、行員の収益目標には、ちばぎん証券が紹介顧客から得る個別商品に係る収益（みなし評価）も含まれていることがあった。 今回検査において、当行が行う金融商品仲介業務の状況について検証したところ、以下のとおり問題が認められた。 ⑴　顧客属性を確認及び検討しないまま、顧客を仕組債購入へ誘引している状況 紹介型仲介では、顧客に対し、ちばぎん証券が扱う商品概要の説明のみを行うこととしているところ、これに反し、仕組債に誘引している事例が認められた。 商品概要の説明のみにとどまらず、仕組債を提案するのであれば、顧客属性を十分確認し、どのような提案が適切であるか慎重に検討した上で行うべきところ、当行においては、顧客属性を確認しないまま、高金利等の優位性を強調して仕組債に誘引しており、投資者保護上問題のある行為であると認められる。 ⑵　内部管理態勢が不十分な状況 当行は、ちばぎん証券が立ち上げた銀行紹介顧客への販売に係る苦情対策を議論する会議体にオブザーバーとして参加し、当行の紹介顧客に関する苦情が同証券に対して継続的に多数寄せられていること等を把握していたにもかかわらず、苦情の発生原因分析や改善策の立案等に十分に取り組んでおらず、苦情処理に関する内部管理態勢が不十分であると認められる。 また、当行では、顧客毎の交渉結果記録に紹介顧客に対する説明内容が詳細に記載されていない状況にあり、このため、営業部店、内部管理部門及び監査部門による確認も形式的なものにとどまっているなど、顧客への説明状況に関する実効性のあるモニタリング態勢も不十分であると認められる。 さらに、経営陣が、行員が顧客を仕組債購入へ誘引している状況を把握していないこと、行員が収益目標達成のために概要説明を超えた商品説明をして顧客を誘引する事象が発生しうる仕組みとなっていることを適切に認識していないこと、紹介顧客からの苦情が多数寄せられている実態を把握していたにもかかわらず、担当部署に任せきりにし、その取組内容が不十分なものとなっていることを看過しているなど、紹介型仲介に関し、経営陣のガバナンスが十分に発揮されていないことも要因となり、紹介型仲介に関する業務運営態勢の構築も不十分であると認められる。 登録金融機関が金融商品仲介業務を行うに際しては、金融商品取引法上、投資者保護の観点から、適切な態勢整備や業務運営が求められているところ、上記⑴及び⑵のとおり、当行においては、金融商品仲介業務を行うための適切な態勢整備が行われない中で、顧客属性を確認しないまま、顧客を仕組債購入へ誘引している状況が認められており、投資者保護上、問題があるものと認められる。なお、これらの状況は、結果として、ちばぎん証券の適合性の原則に抵触する業務運営にも繋がっているものと認められる。 以上のことから、当行における紹介型仲介の業務運営は、投資者保護上重大な問題があり、金融商品取引法第51条の２に規定する「業務の運営に関し、公益又は投資者保護のため必要かつ適当であると認めるとき」に該当するものと認められる。 参考資料(PDF:662KB) （参考条文） ○　金融商品取引法（昭和23年法律第25号）（抄） （登録金融機関に対する業務改善命令） 第五十一条の二　内閣総理大臣は、登録金融機関の業務の運営に関し、公益又は投資者保護のため必要かつ適当であると認めるときは、その必要の限度において、当該登録金融機関に対し、業務の方法の変更その他業務の運営の改善に必要な措置をとるべきことを命ずることができる。"
2023-06-09,ちばぎん証券株式会社,,ちばぎん証券株式会社に対する検査結果に基づく勧告について,https://www.fsa.go.jp/sesc/news/c_2023/2023/20230609-1.html,"English version 令和５年６月９日 証券取引等監視委員会 ちばぎん証券株式会社に対する検査結果に基づく勧告について １．勧告の内容 関東財務局長がちばぎん証券株式会社（千葉市中央区、法人番号4040001034601、代表取締役社長　稲村 幸仁（注１）、資本金43億円、常勤役職員303名、第一種金融商品取引業、投資助言・代理業）を検査した結果、下記のとおり、当該金融商品取引業者に係る問題が認められたので、本日、証券取引等監視委員会は、内閣総理大臣及び金融庁長官に対して、金融庁設置法第20条第１項の規定に基づき、行政処分を行うよう勧告した。 （注１）令和４年６月30日、前代表取締役社長　木村 理 氏が退任し、同日付で代表取締役社長に就任。 ２．事実関係 ○　適合性原則に抵触する業務運営の状況 ちばぎん証券株式会社（以下「当社」という。）は、当社の親会社である株式会社千葉銀行（千葉市中央区、法人番号2040001000019、取締役頭取　米本 努、以下「千葉銀行」という。）、及び千葉銀行とアライアンス契約を締結している株式会社武蔵野銀行（さいたま市大宮区、法人番号6030001002490、取締役頭取　長堀 和正、以下「武蔵野銀行」という。）との間で各々金融商品仲介業務に係る提携契約を締結し、千葉銀行及び武蔵野銀行に対し、金融商品仲介業務として当社に顧客を紹介する業務（以下「紹介型仲介」という。）（注２）を行わせている。当社全体の収益額における銀行からの紹介顧客に係る収益額の割合は高く、銀証連携に係る収益が当社の中心的な収益源となっている。 （注２）千葉銀行及び武蔵野銀行は、顧客を紹介する際、当社の取扱商品の概要説明のみを行い、個別商品の具体的な特性・条件等に言及した説明を禁止している。 こうした状況を踏まえ、当社の業務運営状況を検証したところ、以下の問題が認められた。 ⑴　適合性原則に抵触する勧誘が長期的・継続的に発生している状況 ①　当社は、以下のとおり、顧客の投資方針や投資経験等の顧客属性を適時適切に把握しないまま、多数の顧客に対し、複雑な仕組債の勧誘を長期的・継続的に行っている状況が認められた。 ア．顧客の投資方針と当社が把握している投資方針が異なっている事例 個人の仕組債保有先（令和４年６月末時点で仕組債を保有していた8,424顧客）のうち、2,424顧客は、最もリスク許容度が高く、当社において複雑な仕組債を購入することが可能となる投資方針の「積極的値上り益重視」ではなく、これよりもリスク許容度の低い投資方針を有する顧客であった。 イ．顧客の投資経験と当社が把握している投資経験が異なっている事例 銀行で投資経験を把握されずに紹介され、当社が投資経験を確認した上で仕組債の購入に至ったとしている80顧客のうち、34顧客は、金融商品の投資経験を全く有していない顧客や当社において複雑な仕組債を購入することが可能となる投資経験を有していない顧客であった。 ②　当社は、複雑な仕組債の勧誘に際し、少なくとも３顧客に対し、仕組債の参照指標に係る変動により損失が生ずるおそれがある理由等について、顧客属性に照らして当該顧客に理解されるために必要な方法及び程度による説明を行っていないことが顧客への説明状況の検証において認められた。 ⑵　適合性原則を遵守するための態勢が不十分な状況 当社は、銀行側において紹介型仲介契約で定めた業務を超えた商品説明がなされる等の適合性原則の遵守に支障を生じさせる要因が発生していたにもかかわらず、適切に実態把握するなどしてこれを解消しなかったほか、当社営業員に対して顧客の投資方針や投資経験等の適合性を適切に把握する方法を周知徹底しないまま、複雑な仕組債の勧誘販売を急拡大させた。 この結果、仕組債を購入した顧客からの苦情が多数寄せられるようになったが、その苦情の中には、当社が把握している投資方針と顧客が述べる投資方針が一致していないものなど、当社における適合性原則の遵守状況に問題があることを示唆するものが含まれていた。当社は、それらの苦情の大半を「一方的申出」として処理を完了したため、苦情の中に含まれる適合性原則の遵守に関わる問題点を適切に抽出分析することなく看過し、業務改善に向けて苦情を適切に活用できなかった。また、多数の苦情が継続的に発生する状況を自ら解消し切れず、自主規制機関である日本証券業協会から適合性原則の遵守状況に関して計３回に及ぶ注意喚起を受けることにも繋がった。 日本証券業協会から適合性原則の遵守状況に関する懸念が示されたことを踏まえ、当社は全社的かつ抜本的に苦情対策に取り組むことを目的として、社長自らも参加する会議体を発足させたものの、適合性原則に抵触する勧誘販売状況の実態把握やこれに基づく実効性ある態勢整備を行わなかったことなど、適合性原則に抵触する勧誘販売を防止・改善するための取組が不十分であった。 以上のとおり、当社においては、適合性原則に対する理解やその遵守の重要性に対する意識の希薄さ等により、真の顧客利益を考えた投資勧誘ではなく、手数料収益を上げるためのツールとして仕組債の販売がなされ、適合性原則を遵守するための態勢整備も不十分であったため、適合性原則に抵触する不適切な勧誘販売を防ぐことができなかった。 上記⑴②の行為は、金融商品取引法第38条第９号に基づく金融商品取引業等に関する内閣府令第117条第１項第１号の「契約締結前交付書面の交付に関し、顧客の知識、経験、財産の状況及び金融商品取引契約を締結する目的に照らして当該顧客に理解されるために必要な方法及び程度による説明をすることなく、金融商品取引契約を締結する行為」に該当すると認められる。 上記⑴及び⑵の状況は、適合性原則に抵触する業務運営を継続的に行っていたものと認められ、当社における仕組債の勧誘販売状況は、金融商品取引法第40条第１号の「顧客の知識、経験、財産の状況及び金融商品取引契約を締結する目的に照らして不適当と認められる勧誘を行って投資者の保護に欠けることとなっており、又は欠けることとなるおそれがあること」に該当すると認められる。 なお、上記の状況は、当社経営陣において、銀証連携で生じていた問題を適切に把握していなかったこと、適合性原則に対する理解やその遵守の重要性に対する意識が希薄であったことにより発生したものであると認められる。 参考資料(PDF:662KB) （参考条文） ○　金融商品取引法（昭和23年法律第25号）（抄） （禁止行為） 第三十八条　金融商品取引業者等又はその役員若しくは使用人は、次に掲げる行為をしてはならない。ただし、第四号から第六号までに掲げる行為にあつては、投資者の保護に欠け、取引の公正を害し、又は金融商品取引業の信用を失墜させるおそれのないものとして内閣府令で定めるものを除く。 一～八　（略） 九　前各号に掲げるもののほか、投資者の保護に欠け、若しくは取引の公正を害し、又は金融商品取引業の信用を失墜させるものとして内閣府令で定める行為 （適合性の原則等） 第四十条　金融商品取引業者等は、業務の運営の状況が次の各号のいずれかに該当することのないように、その業務を行わなければならない。 一　金融商品取引行為について、顧客の知識、経験、財産の状況及び金融商品取引契約を締結する目的に照らして不適当と認められる勧誘を行つて投資者の保護に欠けることとなつており、又は欠けることとなるおそれがあること。 二　（略） ○　金融商品取引業等に関する内閣府令（平成19年内閣府令第52号）（抄） （禁止行為） 第百十七条　法第三十八条第九号に規定する内閣府令で定める行為は、次に掲げる行為とする。 一　次に掲げる書面の交付に関し、あらかじめ、顧客（特定投資家（法第三十四条の二第五項の規定により特定投資家以外の顧客とみなされる者を除き、法第三十四条の三第四項（法第三十四条の四第六項において準用する場合を含む。）の規定により特定投資家とみなされる者を含む。以下同じ。）を除く。以下この号において同じ。）に対して、法第三十七条の三第一項第三号から第七号までに掲げる事項（ニに掲げる書面を交付する場合にあっては、当該書面に記載されている事項であって同項第三号から第七号までに掲げる事項に係るもの）について顧客の知識、経験、財産の状況及び金融商品取引契約を締結する目的に照らして当該顧客に理解されるために必要な方法及び程度による説明をすることなく、金融商品取引契約を締結する行為 イ　契約締結前交付書面 ロ　上場有価証券等書面 ハ　第八十条第一項第三号に掲げる場合にあっては、同号に規定する目論見書（同号の規定により当該目論見書と一体のものとして交付される書面がある場合には、当該目論見書及び当該書面） ニ　契約変更書面 二～五十　（略） ２～５６　（略）"
2023-06-06,株式会社アイ・アールジャパンホールディングス株券,,株式会社アイ・アールジャパンホールディングス株券に係る取引推奨事件の告発について,https://www.fsa.go.jp/sesc/news/c_2023/2023/20230606-2.html,English version 令和５年６月６日 証券取引等監視委員会 株式会社アイ・アールジャパンホールディングス株券に係る取引推奨事件の告発について 証券取引等監視委員会は、本日、金融商品取引法違反（取引推奨）の嫌疑で、嫌疑者１名を東京地方検察庁に告発した。告発の対象となった犯則事実については下記のとおり。 １．告発の対象となった犯則事実 犯則嫌疑者は、東京証券取引所が開設する有価証券市場に株券を上場していた株式会社アイ・アールジャパンホールディングス（以下「アイ・アールジャパンホールディングス」という。）の代表取締役副社長兼最高執行責任者を務めていたものであるが、令和３年３月下旬頃、その職務に関し、アイ・アールジャパンホールディングスが新たに算出した令和２年４月１日から令和３年３月３１日までの事業年度におけるアイ・アールジャパンホールディングスが属する企業集団の売上高の予想値について、アイ・アールジャパンホールディングスが公表していた予想値に比較して減少し、投資者の投資判断に及ぼす影響が重要なものとして内閣府令で定める基準に該当する差異が生じた旨のアイ・アールジャパンホールディングスの業務等に関する重要事実を知り、あらかじめアイ・アールジャパンホールディングスの株券を売り付けさせて損失の発生を回避させる目的をもって 第１　前記重要事実の公表前である令和３年４月上旬頃から同月中旬頃までの間、Ａに対し、複数回にわたり、アイ・アールジャパンホールディングスの株券の売付けを勧めたものであり、これにより売付けを勧められた同人が、法定の除外事由がないのに、前記重要事実の公表前である同月中旬頃、証券会社を介し、東京証券取引所において、アイ・アールジャパンホールディングスの株券合計約９０００株を代金合計約１億４８００万円で売り付け 第２　前記重要事実の公表前である同月中旬頃、Ｂに対し、複数回にわたり、アイ・アールジャパンホールディングスの株券の売付けを勧めたものであり、これにより売付けを勧められた同人が、法定の除外事由がないのに、前記重要事実の公表前である同月中旬頃、証券会社を介し、東京証券取引所において、アイ・アールジャパンホールディングスの株券合計２０００株を代金合計約３２００万円で売り付け たものである。 ２．関連条文 金融商品取引法 第１９７条の２第１４号、第１６７条の２第１項 法定刑：５年以下の懲役若しくは５００万円以下の罰金又はこれを併科
2023-05-26,ロンナル・フォレックス株式会社,,ロンナル・フォレックス株式会社に対する検査結果に基づく勧告について,https://www.fsa.go.jp/sesc/news/c_2023/2023/20230526-2.html,English version 令和５年５月26日 証券取引等監視委員会 ロンナル・フォレックス株式会社に対する検査結果に基づく勧告について １．勧告の内容 四国財務局長がロンナル・フォレックス株式会社（香川県高松市、法人番号6010401068745、代表取締役　井上　成雄（いのうえ　しげお）、資本金90百万円、常勤役職員５名、第一種金融商品取引業）を検査した結果、下記のとおり、当該金融商品取引業者に係る問題が認められたので、本日、証券取引等監視委員会は、内閣総理大臣及び金融庁長官に対して、金融庁設置法第20条第１項の規定に基づき、行政処分を行うよう勧告した。 ２．事実関係 ⑴　虚偽の事業報告書等の提出等 ロンナル・フォレックス株式会社（以下「当社」という。）は、店頭デリバティブ取引の媒介業務の専門業者であるが、当該業務に係る収益は僅少（令和２年３月期から令和４年３月期までの直近３期合計で約４万円）となっている中、当社が付随業務として行っているとされるコンサルティング業務に係る収益（直近３期合計で約42百万円）が、当社の収益の大宗（99.9％）を占めている状況にある。 そして、当社は、当社の代表取締役である井上成雄（以下「井上代表」という。）の母親及び中国在住の井上代表の知人の２名が代表取締役を務める法人との間で締結した経営コンサルティング契約に基づくコンサルティング収益として、直近３期合計で約29百万円を売上げとして計上し、当該売上げを売上高に含めて記載した事業報告書を四国財務局長に提出しているほか、当該事業報告書の写しを備え置く方法により説明書類を公衆の縦覧に供している。 しかしながら、検査において、当該法人の事業実態が確認できなかったほか、当社が当該法人に対して報酬額に見合うようなコンサルティング業務を行ったことを示す証跡も何ら提出されていない。他方、当該法人から当社に支払われるコンサルティング報酬の大部分（約19百万円）を、当該法人の業務に一切関与していないと説明していた井上代表が、自己の個人名義の預金口座から当該法人名義に振込人名義の変更をした上で当社名義の預金口座に送金している状況が認められた。 以上によれば、当該法人から得たとするコンサルティング業務に係る収益のうち、少なくとも井上代表が送金した約19百万円は、井上代表が、自己の個人名義の預金口座から拠出した資金をもって当社が行ったコンサルティング業務に係る収益と見せかけているにすぎないものと認められ、当社は、当該コンサルティング業務に係る収益（売上げ）を架空計上したものと認められる。 当社による上記の行為は、虚偽の記載をした事業報告書を提出したものとして金融商品取引法第46条の３第１項に違反するほか、虚偽の記載をした説明書類を公衆の縦覧に供したものとして同法第46条の４に違反するものと認められる。 ⑵　純財産額及び自己資本規制比率が法定の基準を下回っている状況等 当社の貸借対照表、決算報告資料等によると、当社は、直近３期（令和２年３月期から令和４年３月期）及び令和４年８月末のいずれの時点においても、その総資産のうち大半が現金（例えば、令和４年８月末現在、総資産約71百万円のうち約65百万円（91.3％）が現金）で占められている状況にある。一方で、令和２年１月１日から令和４年12月31日までの間における当社の預金残高の状況は、そのほとんどの期間で数万円から数十万円程度で推移している。 そのような中、当社の唯一の拠点である高松本社には上記金額に相当する現金は存在せず、検査の過程でもそのような大口の現金の存在は確認できなかった。 井上代表によると、当社が保有する現金は井上代表の自宅等に保管しているとのことであるが、総資産の大半に当たる金銭をあえて現金で保管する理由や当社の事務所内ではなく井上代表個人の自宅等で保管する理由について、井上代表は、保管方法は経営者による経営判断で決めるものであるなどといった説明を行うのみで、何ら合理的な説明がなされていない。また、当社は、四国財務局による監督対応等のため保有現金の実在を示す必要が生じた都度、井上代表の知人等が経営する他社から一時的に井上代表個人名義の預金口座を介して当社名義の預金口座に入金を受け、銀行から預金残高証明書の発行を受けて四国財務局に提出するなどの対応をとった後、当該他社に返金を行っている状況が認められた。 上記のとおり、検査において上記金額に相当する現金の存在は確認できていない上、総資産の大半に当たる金銭をあえて現金保有とする理由や保管場所をあえて井上代表個人の自宅等とする理由について何ら合理的な説明もなく、かえって、真にそのような額の現金を当社が保有しているのであれば行う必要のない資金移動が行われていることからすれば、当社が保有しているとする現金相当額（令和４年８月末現在で約65百万円）は、実際には存在していないものと認められる。 そうすると、当社の純財産額については、少なくとも令和２年１月１日から検査基準日現在（令和４年９月２日）に至るまで、金融商品取引法第29条の４第１項第５号ロに基づく金融商品取引法施行令第15条の９第１項に定める金額（50百万円）を下回っているものと認められ、加えて、当社の自己資本規制比率についても、金融商品取引法第46条の６第２項において下回ることのないようにしなければならないとされる比率（120％）を下回り、更に100％を著しく下回る状況にあると認められる。 当社による上記の状況は、金融商品取引法第29条の４第１項第５号ロに規定する「純財産額が、公益又は投資者保護のため必要かつ適当なものとして政令で定める金額に満たない者」に該当し、同法第52条第１項第３号に該当するものと認められる。また、当社は、自己資本規制比率が120％を下回っていることから、金融商品取引法第46条の６第２項に違反するものと認められ、加えて、当社の自己資本規制比率は100％を著しく下回っていることから、同法第53条第２項に該当するものと認められる。 ⑶　第一種金融商品取引業を適確に遂行するに足りる人的構成を有していない状況及び第一種金融商品取引業を適確に遂行するための必要な体制が整備されていない状況 当社の業務運営は、当社の発行済株式の９割超を保有し、かつ、当社の代表取締役である井上代表が実質的に一人で行っているほか、会社全体の財務管理及び資金繰り等も一手に担っており、業務運営の適切性の確保等は同人に委ねられている状況にある。 こうした状況において、当社は、第一種金融商品取引業を適切に行うに当たり当該業務に関する十分な知識及び経験を有する役員又は使用人を確保していなければならないところ、井上代表は、上記⑴及び⑵の法令違反行為を自ら主導して行っていたほか、今回検査において、当社の主要株主としての井上代表個人への報告徴取命令に対して虚偽の報告を行っているなど、同人の業務運営の適切性の確保等に対する意識及び法令等遵守意識は著しく欠如しているものと認められることから、当社は、第一種金融商品取引業を適確に遂行するに足りる人的構成を有していないものと認められる。 また、当社において、井上代表以外の役職員により井上代表の当該法令違反行為等をけん制・抑止する態勢となっていないことから、当社は、第一種金融商品取引業を適確に遂行するための必要な体制が整備されていない状況にあるものと認められる。 当社における上記の状況は、金融商品取引法第29条の４第１項第１号ホに規定する「金融商品取引業を適確に遂行するに足りる人的構成を有しない者」及び同号ヘに規定する「金融商品取引業を適確に遂行するための必要な体制が整備されていると認められない者」に該当し、同法第52条第１項第１号に該当するものと認められる。 参考資料(PDF:436KB) （参考条文） ○　金融商品取引法（昭和23年法律第25号）（抄） （登録の拒否） 第二十九条の四　内閣総理大臣は、登録申請者が次の各号のいずれかに該当するとき、又は登録申請書若しくはこれに添付すべき書類若しくは電磁的記録のうちに虚偽の記載若しくは記録があり、若しくは重要な事実の記載若しくは記録が欠けているときは、その登録を拒否しなければならない。 一　次のいずれかに該当する者 イ～ニ　（略） ホ　金融商品取引業を適確に遂行するに足りる人的構成を有しない者 ヘ　金融商品取引業を適確に遂行するための必要な体制が整備されていると認められない者 二～四　（略） 五　第一種金融商品取引業又は投資運用業を行おうとする場合にあつては、次のいずれかに該当する者 イ　（略） ロ　純財産額（内閣府令で定めるところにより、資産の合計金額から負債の合計金額を控除して算出した額をいう。）が、公益又は投資者保護のため必要かつ適当なものとして政令で定める金額に満たない者 ハ～ヘ　（略） 六・七　（略） ２～６　（略） （事業報告書の提出等） 第四十六条の三　金融商品取引業者は、事業年度ごとに、内閣府令で定めるところにより、事業報告書を作成し、毎事業年度経過後三月以内に、これを内閣総理大臣に提出しなければならない。 ２・３　（略） （説明書類の縦覧） 第四十六条の四　金融商品取引業者は、事業年度ごとに、業務及び財産の状況に関する事項として内閣府令で定めるものを記載した説明書類を作成し、毎事業年度経過後政令で定める期間を経過した日から一年間、これを全ての営業所若しくは事務所に備え置いて公衆の縦覧に供し、又は内閣府令で定めるところにより、インターネットの利用その他の方法により公表しなければならない。 （自己資本規制比率） 第四十六条の六　金融商品取引業者は、資本金、準備金その他の内閣府令で定めるものの額の合計額から固定資産その他の内閣府令で定めるものの額の合計額を控除した額の、保有する有価証券の価格の変動その他の理由により発生し得る危険に対応する額として内閣府令で定めるものの合計額に対する比率（以下「自己資本規制比率」という。）を算出し、毎月末及び内閣府令で定める場合に、内閣総理大臣に届け出なければならない。 ２　金融商品取引業者は、自己資本規制比率が百二十パーセントを下回ることのないようにしなければならない。 ３　（略） （金融商品取引業者に対する監督上の処分） 第五十二条　内閣総理大臣は、金融商品取引業者が次の各号のいずれかに該当する場合においては、当該金融商品取引業者の第二十九条の登録を取り消し、第三十条第一項の認可を取り消し、又は六月以内の期間を定めて業務の全部若しくは一部の停止を命ずることができる。 一　第二十九条の四第一項第一号、第二号又は第三号に該当することとなつたとき。 二　（略） 三　第一種金融商品取引業又は投資運用業を行う金融商品取引業者が、第二十九条の四第一項第五号イ又はロに該当することとなつたとき。 四～十二　（略） ２～５　（略） （自己資本規制比率についての命令） 第五十三条　（略） ２　内閣総理大臣は、金融商品取引業者が第四十六条の六第二項の規定に違反している場合（自己資本規制比率が、百パーセントを下回るときに限る。）において、公益又は投資者保護のため必要かつ適当であると認めるときは、その必要の限度において、三月以内の期間を定めて業務の全部又は一部の停止を命ずることができる。 ３　内閣総理大臣は、前項の規定により業務の全部又は一部の停止を命じた場合において、その日から三月を経過した日における当該金融商品取引業者の自己資本規制比率が引き続き百パーセントを下回り、かつ、当該金融商品取引業者の自己資本規制比率の状況が回復する見込みがないと認められるときは、当該金融商品取引業者の第二十九条の登録を取り消すことができる。 ○　金融商品取引法施行令（昭和40年政令第321号）（抄） （金融商品取引業者の最低資本金の額等） 第十五条の七　法第二十九条の四第一項第四号イ（法第三十一条第五項において準用する場合を含む。）に規定する政令で定める金額は、次の各号に掲げる場合の区分に応じ、当該各号に定める金額とする。 一～二の二　（略） 三　第一種金融商品取引業（第一種少額電子募集取扱業務（法第二十九条の四の二第十項に規定する第一種少額電子募集取扱業務をいう。以下同じ。）を除く。）を行おうとする場合（前三号に掲げる場合を除く。）　五千万円 四～八　（略） ２　（略） （金融商品取引業者の最低純財産額） 第十五条の九　法第二十九条の四第一項第五号ロ（法第三十一条第五項において準用する場合を含む。）に規定する政令で定める金額は、第十五条の七第一項各号（第五号及び第八号を除く。）に掲げる場合の区分に応じ、当該各号に定める金額とする。 ２　（略）
2023-06-06,株式会社旅工房,6548,株式会社旅工房における有価証券報告書等の虚偽記載に係る課徴金納付命令勧告について,https://www.fsa.go.jp/sesc/news/c_2023/2023/20230606-1.html,"English version 令和５年６月６日 証券取引等監視委員会 株式会社旅工房における有価証券報告書等の虚偽記載に係る 課徴金納付命令勧告について １．勧告の内容 証券取引等監視委員会は、株式会社旅工房（法人番号4013301007221）（以下「当社」という。）における金融商品取引法に基づく開示規制の違反について検査した結果、以下のとおり法令違反の事実が認められたので、本日、内閣総理大臣及び金融庁長官に対して、金融庁設置法第20条第１項の規定に基づき、課徴金納付命令を発出するよう勧告を行った。 ２．法令違反の事実関係 当社は、資金循環取引による売上の過大計上等の不適正な会計処理を行った。 この結果、当社は、関東財務局長に対し、金融商品取引法第172条の４第１項及び第２項に規定する「重要な事項につき虚偽の記載」がある以下の有価証券報告書及び四半期報告書を提出した（「重要な事項につき虚偽の記載」の内容は別紙１の表の番号１から番号４のとおり）。 ・令和２年12月第３四半期四半期報告書（令和３年２月12日提出） ・令和３年３月期有価証券報告書（令和３年６月24日提出） ・令和３年６月第１四半期四半期報告書（令和３年８月13日提出） ・令和３年９月第２四半期四半期報告書（令和３年11月12日提出） ３．課徴金の額の計算 上記の違法行為について金融商品取引法に基づき算定される課徴金の額は、1,200万円である（計算方法については別紙２のとおり）。 【別紙１】有価証券報告書等の虚偽記載内容 番号 対象書類 虚偽記載 提出日 書類 会計期間 記載項目 主な内容（注） 主な事由 １ 令和３年 ２月12日 第27期第３四半期（令和２年10月１日～同年12月31日）に係る四半期報告書 令和２年４月１日～同年12月31日の第３四半期連結累計期間 四半期連結 損益計算書 親会社株主に帰属する四半期純利益が ▲1,525,552千円であるところを▲1,092,072千円と記載 売上及び売上原価の過大計上 令和２年10月１日～同年12月31日の第３四半期連結会計期間 四半期連結 貸借対照表 連結純資産額が 9,144千円であるところを442,624千円と記載 ２ 令和３年 ６月24日 第27期（令和２年４月１日～令和３年３月31日）に係る有価証券報告書 令和２年４月１日～令和３年３月31日の連結会計期間 連結 損益計算書 親会社株主に帰属する当期純利益が ▲1,808,806千円であるところを ▲1,408,861千円と記載 売上及び売上原価の過大計上 連結 貸借対照表 連結純資産額が108,071千円であるところを508,016千円と記載 ３ 令和３年 ８月13日 第28期第１四半期（令和３年４月１日～同年６月30日）に係る四半期報告書 令和３年４月１日～同年６月30日の第１四半期連結会計期間 四半期連結 貸借対照表 連結純資産額が 87,808千円であるところを487,660千円と記載 当四半期前の売上及び売上原価の過大計上 ４ 令和３年 11月12日 第28期第２四半期（令和３年７月１日～同年９月30日）に係る四半期報告書 令和３年７月１日～同年９月30日の第２四半期連結会計期間 四半期連結 貸借対照表 連結純資産額が237,456千円であるところを645,290千円と記載 当四半期前の売上及び売上原価の過大計上 （注）金額は千円未満切捨てである。 【別紙２】課徴金の計算方法 （１）　金融商品取引法第172条の４第１項及び第２項の規定により、令和２年12月第３四半期四半期報告書及び令和３年３月期有価証券報告書ごとに算出した額（以下(１)において「個別決定ごとの算出額」という。）は、 ア　当社が発行する算定基準有価証券の市場価額の総額に10万分の６を乗じて得た額 ・令和２年12月第３四半期四半期報告書に係る額 　　　　　304,802円 ・令和３年３月期有価証券報告書に係る額　　　 　　　　　 329,515円 が、いずれも イ　6,000,000円 を超えないことから、 ・令和２年12月第３四半期四半期報告書については、6,000,000円の２分の１に相当する額である3,000,000円 ・令和３年３月期有価証券報告書については、6,000,000円 となる。 ここで、これらの開示書類が同一の事業年度に係るものであることから、金融商品取引法第185条の７第６項の規定により、6,000,000円を個別決定ごとの算出額に応じて按分した下記の金額が、これらの開示書類に係る課徴金の額となる。 ・令和２年12月第３四半期四半期報告書に係る課徴金の額は、2,000,000円 ・令和３年３月期有価証券報告書に係る課徴金の額は、4,000,000円 （２）　金融商品取引法第172条の４第２項の規定により、令和３年６月第１四半期四半期報告書及び令和３年９月第２四半期四半期報告書ごとに算出した額は、 ア　当社が発行する算定基準有価証券の市場価額の総額に10万分の６を乗じて得た額 ・令和３年６月第１四半期四半期報告書に係る額   　　　　345,488円 ・令和３年９月第２四半期四半期報告書に係る額   　　　　358,393円 が、いずれも イ　6,000,000円 を超えないことから、 ・令和３年６月第１四半期四半期報告書に係る課徴金の額は、6,000,000円の２分の１に相当する額である3,000,000円 ・令和３年９月第２四半期四半期報告書に係る課徴金の額は、6,000,000円の２分の１に相当する額である3,000,000円 となる。"
2023-05-26,株式会社ユニオン証券アドバイザーズ,,株式会社ユニオン証券アドバイザーズに対する検査結果に基づく勧告について,https://www.fsa.go.jp/sesc/news/c_2023/2023/20230526-1.html,English version 令和５年５月26日 証券取引等監視委員会 株式会社ユニオン証券アドバイザーズに対する検査結果に基づく勧告について １．勧告の内容 関東財務局長が株式会社ユニオン証券アドバイザーズ（東京都千代田区、法人番号3011201019668、代表取締役　杉山 兼二郎、資本金980万円、常勤役職員及び契約外務員数49名、金融商品仲介業）を検査した結果、下記のとおり、当該金融商品仲介業者に係る問題が認められたので、本日、証券取引等監視委員会は、内閣総理大臣及び金融庁長官に対して、金融庁設置法第20条第１項の規定に基づき、行政処分を行うよう勧告した。 ２．事実関係 ○　無登録で集団投資スキーム持分の募集又は私募の取扱い等を行っている状況 株式会社ユニオン証券アドバイザーズ（以下「当社」という。）は、特定の民法上の任意組合（以下「本件任意組合」という。）について、令和３年12月から同４年８月までの間、杉山剛前代表取締役（同３年12月31日付退任。以下「杉山前代表」という。）が中心となって、少なくとも56名（延べ134名）の顧客に対し、出資持分の取得勧誘を行った。 その結果、当該56名の顧客から、本件任意組合に対し、12億2700万円が出資されている。 本件任意組合の出資持分は金融商品取引法（以下「金商法」という。）第２条第２項第５号に定める集団投資スキーム持分に該当すると認められるものであり、当社は、本件任意組合の業務執行組合員（以下「本件業務執行組合員」という。）のために、本件任意組合の出資持分の取得勧誘を行っていることから、集団投資スキーム持分について、金商法第２条第８項第９号に規定する募集又は私募の取扱いを行ったものと認められる。 また、当社は、顧客から出資される金銭について、当社の銀行口座を経由して本件業務執行組合員に送金していることから、当社は、集団投資スキーム持分の募集又は私募の取扱いに関して、金商法第２条第８項第16号に規定する金銭の預託を顧客から受けていたものと認められる。 上記行為は、本件任意組合の出資持分の取得勧誘を行うことを検討した杉山前代表において、法令に対する理解が不足したまま取得勧誘を開始していたこと、また、杉山兼二郎代表取締役において、杉山前代表の指示に従うままとなり、当社の経営管理を積極的に行う意識が欠如していたため、杉山前代表の行為を看過していたことに起因して発生したものと認められる。 当社が上記取得勧誘行為を行っている状況は金商法第28条第２項に規定する「第二種金融商品取引業」に該当し、また、上記金銭の預託を受ける行為を行っている状況は同条第１項に規定する「第一種金融商品取引業」に該当するものであり、当社が同法第29条に基づく登録を受けることなく、これらの業務を行うことは、同条に違反するものと認められる。 参考資料(PDF:167KB) （参考条文） ○　金融商品取引法（昭和23年法律第25号）（抄） （定義） 第二条　（略） ２　（略）次に掲げる権利は、証券又は証書に表示されるべき権利以外の権利であつても有価証券とみなして、この法律の規定を適用する。 一 ～ 四　（略） 五　民法（明治二十九年法律第八十九号）第六百六十七条第一項に規定する組合契約（略）に基づく権利（略）のうち、当該権利を有する者（以下この号において「出資者」という。）が出資又は拠出をした金銭（これに類するものとして政令で定めるものを含む。）を充てて行う事業（以下この号において「出資対象事業」という。）から生ずる収益の配当又は当該出資対象事業に係る財産の分配を受けることができる権利であつて、次のいずれにも該当しないもの（前項各号に掲げる有価証券に表示される権利及びこの項（この号を除く。）の規定により有価証券とみなされる権利を除く。） イ ～ ニ　（略） 六、七　（略） ３ ～ ７　（略） ８　この法律において「金融商品取引業」とは、次に掲げる行為（その内容等を勘案し、投資者の保護のため支障を生ずることがないと認められるものとして政令で定めるもの及び銀行、優先出資法第二条第一項に規定する協同組織金融機関（以下「協同組織金融機関」という。）その他政令で定める金融機関が行う第十二号、第十四号、第十五号又は第二十八条第八項各号に掲げるものを除く。）のいずれかを業として行うことをいう。 一 ～ 八　（略） 九　有価証券の募集若しくは売出しの取扱い又は私募若しくは特定投資家向け売付け勧誘等の取扱い 十 ～ 十五　（略） 十六　その行う第一号から第十号までに掲げる行為に関して、顧客から金銭、第一項各号に掲げる証券若しくは証書又は電子記録移転権利の預託を受けること（商品関連市場デリバティブ取引についての第二号、第三号又は第五号に掲げる行為を行う場合にあつては、これらの行為に関して、顧客から商品（第二十四項第三号の三に掲げるものをいう。以下この号において同じ。）又は寄託された商品に関して発行された証券若しくは証書の預託を受けることを含む。）。 十七、十八　（略） ９ ～ 42　（略） 第二十八条　この章において「第一種金融商品取引業」とは、金融商品取引業のうち、次に掲げる行為のいずれかを業として行うことをいう。 一～四　（略） 五　第二条第八項第十六号又は第十七号に掲げる行為 ２　この章において「第二種金融商品取引業」とは、金融商品取引業のうち、次に掲げる行為のいずれかを業として行うことをいう。 一　（略） 二　第二条第二項の規定により有価証券とみなされる同項各号に掲げる権利についての同条第八項第一号から第三号まで、第五号、第八号又は第九号に掲げる行為 三、四　（略） ３～８　（略） （登録） 第二十九条　金融商品取引業は、内閣総理大臣の登録を受けた者でなければ、行うことができない。
2023-05-19,株式会社東京衡機,7719,株式会社東京衡機における有価証券報告書等の虚偽記載に係る課徴金納付命令勧告について,https://www.fsa.go.jp/sesc/news/c_2023/2023/20230519-1.html,"English version 令和５年５月19日 証券取引等監視委員会 株式会社東京衡機における有価証券報告書等の虚偽記載に係る課徴金納付命令勧告について １．勧告の内容 証券取引等監視委員会は、株式会社東京衡機（法人番号2010001008816）（以下「当社」という。）における金融商品取引法に基づく開示規制の違反について検査した結果、以下のとおり法令違反の事実が認められたので、本日、内閣総理大臣及び金融庁長官に対して、金融庁設置法第20条第１項の規定に基づき、課徴金納付命令を発出するよう勧告を行った。 ２．法令違反の事実関係 当社は、売上の過大計上の不適正な会計処理を行った。 この結果、当社は、関東財務局長に対し、金融商品取引法第172 条の４第１項及び第２項に規定する「重要な事項につき虚偽の記載」がある以下の有価証券報告書及び四半期報告書を提出した（「重要な事項につき虚偽の記載」の内容は別紙１の表の番号１から番号８のとおり）。 ・令和２年５月第１四半期四半期報告書（令和２年７月15日提出） ・令和２年８月第２四半期四半期報告書（令和２年10月15日提出） ・令和２年11月第３四半期四半期報告書（令和３年１月14日提出） ・令和３年２月期有価証券報告書（令和３年５月28日提出） ・令和３年５月第１四半期四半期報告書（令和３年７月15日提出） ・令和３年８月第２四半期四半期報告書（令和３年10月15日提出） ・令和３年11月第３四半期四半期報告書（令和４年１月14日提出） ・令和４年２月期有価証券報告書（令和４年５月27日提出） ３．課徴金の額の計算 上記の違法行為について金融商品取引法に基づき算定される課徴金の額は、1,200万円である（計算方法については別紙２のとおり）。 【別紙１】有価証券報告書等の虚偽記載内容 番号 対象書類 虚偽記載 提出日 書類 会計期間 記載項目 主な内容（注） 主な事由 １ 令和２年７月15日 第115期第１四半期（令和２年３月１日～同年５月31日）に係る四半期報告書 令和２年３月１日～同年５月31日の第１四半期連結累計期間 四半期連結 損益計算書 売上高が1,201百万円であるところを2,270百万円と記載 売上の過大計上 ２ 令和２年10月15日 第115期第２四半期（令和２年６月１日～同年８月31日）に係る四半期報告書 令和２年３月１日～同年８月31日の第２四半期連結累計期間 四半期連結 損益計算書 売上高が2,051百万円であるところを4,110百万円と記載 売上の過大計上 ３ 令和３年１月14日 第115期第３四半期（令和２年９月１日～同年11月30日）に係る四半期報告書 令和２年３月１日～同年11月30日の第３四半期連結累計期間 四半期連結 損益計算書 売上高が2,888百万円であるところを6,043百万円と記載 売上の過大計上 ４ 令和３年５月28日 第115期（令和２年３月１日～令和３年２月28日）に係る有価証券報告書 令和２年３月１日～令和３年２月28日の連結会計期間 連結 損益計算書 売上高が3,920百万円であるところを8,321百万円と記載 売上の過大計上 ５ 令和３年７月15日 第116期第１四半期（令和３年３月１日～同年５月31日）に係る四半期報告書 令和３年３月１日～同年５月31日の第１四半期連結累計期間 四半期連結 損益計算書 売上高が839百万円であるところを1,561百万円と記載 売上の過大計上 ６ 令和３年10月15日 第116期第２四半期（令和３年６月１日～同年８月31日）に係る四半期報告書 令和３年３月１日～同年８月31日の第２四半期連結累計期間 四半期連結 損益計算書 売上高が1,839百万円であるところを3,733百万円と記載 売上の過大計上 ７ 令和４年１月14日 第116期第３四半期（令和３年９月１日～同年11月30日）に係る四半期報告書 令和３年３月１日～同年11月30日の第３四半期連結累計期間 四半期連結 損益計算書 売上高が2,856百万円であるところを5,663百万円と記載 売上の過大計上 ８ 令和４年５月27日 第116期（令和３年３月１日～令和４年２月28日）に係る有価証券報告書 令和３年３月１日～令和４年２月28日の連結会計期間 連結 損益計算書 売上高が4,101百万円であるところを7,449百万円と記載 売上の過大計上 （注）金額は百万円未満切捨てである。 【別紙２】課徴金の計算方法 （１）　金融商品取引法第172条の４第１項及び第２項の規定により、令和２年５月第１四半期四半期報告書、令和２年８月第２四半期四半期報告書、令和２年11月第３四半期四半期報告書及び令和３年２月期有価証券報告書ごとに算出した額（以下(１)において「個別決定ごとの算出額」という。）は、 ア　当社が発行する算定基準有価証券の市場価額の総額に10万分の６を乗じて得た額 ・令和２年５月第１四半期四半期報告書に係る額   　　　　　85,605円 ・令和２年８月第２四半期四半期報告書に係る額　　　　　 130,626円 ・令和２年11月第３四半期四半期報告書に係る額　　　　　 128,593円 ・令和３年2月期有価証券報告書に係る額　　　 　　　　　   114,585円 が、いずれも イ　6,000,000円 を超えないことから、 ・令和２年５月第１四半期四半期報告書については、6,000,000円の２分の１に相当する額である3,000,000円 ・令和２年８月第２四半期四半期報告書については、6,000,000円の２分の１に相当する額である3,000,000円 ・令和２年11月第３四半期四半期報告書については、6,000,000円の２分の１に相当する額である3,000,000円 ・令和３年２月期有価証券報告書については、6,000,000円 となる。 ここで、これらの開示書類が同一の事業年度に係るものであることから、金融商品取引法第185条の７第６項の規定により、6,000,000円を個別決定ごとの算出額に応じて按分した下記の金額が、これらの開示書類に係る課徴金の額となる。 ・令和２年５月第１四半期四半期報告書に係る課徴金の額は、1,200,000円 ・令和２年８月第２四半期四半期報告書に係る課徴金の額は、1,200,000円 ・令和２年11月第３四半期四半期報告書に係る課徴金の額は、1,200,000円 ・令和３年２月期有価証券報告書に係る課徴金の額は、2,400,000円 （２）　金融商品取引法第172条の４第１項及び第２項の規定により、令和３年５月第１四半期四半期報告書、令和３年８月第２四半期四半期報告書、令和３年11月第３四半期四半期報告書及び令和４年２月期有価証券報告書ごとに算出した額（以下（２）において「個別決定ごとの算出額」という。）は、 ア　当社が発行する算定基準有価証券の市場価額の総額に10万分の６を乗じて得た額 ・令和３年５月第１四半期四半期報告書に係る額      　　118,277円 ・令和３年８月第２四半期四半期報告書に係る額       　  124,247円 ・令和３年11月第３四半期四半期報告書に係る額       　 132,333円 ・令和４年２月期有価証券報告書に係る額             　     123,901円 が、いずれも イ　6,000,000円 を超えないことから、 ・令和３年５月第１四半期四半期報告書については、6,000,000円の２分の１に相当する額である3,000,000円 ・令和３年８月第２四半期四半期報告書については、6,000,000円の２分の１に相当する額である3,000,000円 ・令和３年11月第３四半期四半期報告書については、6,000,000円の２分の１に相当する額である3,000,000円 ・令和４年２月期有価証券報告書については、6,000,000円 となる。 ここで、これらの開示書類が同一の事業年度に係るものであることから、金融商品取引法第185条の７第６項の規定により、6,000,000円を個別決定ごとの算出額に応じて按分した下記の金額が、これらの開示書類に係る課徴金の額となる。 ・令和３年５月第１四半期四半期報告書に係る課徴金の額は、1,200,000円 ・令和３年８月第２四半期四半期報告書に係る課徴金の額は、1,200,000円 ・令和３年11月第３四半期四半期報告書に係る課徴金の額は、1,200,000円 ・令和４年２月期有価証券報告に係る課徴金の額は、2,400,000円"
2023-03-28,株式会社ＢｕｙＳｅｌｌ　Ｔｅｃｈｎｏｌｏｇｉｅｓ,7685,株式会社ＢｕｙＳｅｌｌ　Ｔｅｃｈｎｏｌｏｇｉｅｓとの契約締結交渉者の代理人による内部者取引違反行為及び取引推奨違反行為に対する課徴金納付命令の勧告について,https://www.fsa.go.jp/sesc/news/c_2023/2023/20230328-1.html,"English version 令和５年３月28日 証券取引等監視委員会 株式会社ＢｕｙＳｅｌｌ　Ｔｅｃｈｎｏｌｏｇｉｅｓとの契約締結交渉者の代理人による内部者取引違反行為及び取引推奨違反行為に対する課徴金納付命令の勧告について １．勧告の内容 証券取引等監視委員会は、株式会社ＢｕｙＳｅｌｌ　Ｔｅｃｈｎｏｌｏｇｉｅｓとの契約締結交渉者の代理人による内部者取引及び取引推奨行為について検査した結果、下記のとおり法令違反の事実が認められたので、本日、内閣総理大臣及び金融庁長官に対して、金融庁設置法第２０条第１項の規定に基づき、課徴金納付命令を発出するよう勧告を行った。 ２．法令違反の事実関係 課徴金納付命令対象者は、株式会社ダイヤコーポレーション（以下「ダイヤコーポ」という。令和２年１０月３０日「株式会社タイムレス」に商号変更。）の代理人として、ダイヤコーポが、株式会社ＢｕｙＳｅｌｌ　Ｔｅｃｈｎｏｌｏｇｉｅｓ（以下「バイセル」という。）との間で行っていた株式交換契約の締結の交渉業務に従事していた者であるが、上記契約の締結の交渉に関し、バイセルの業務執行を決定する機関が、①ダイヤコーポの株式を取得して子会社化すること及び②バイセルを完全親会社とし、ダイヤコーポを完全子会社とする株式交換を行うことについての決定をした旨の重要事実を知りながら、 （１）違反行為事実Ａ 上記各事実の公表がされた令和２年８月２８日午後３時頃より前の同月１３日から同月２８日午前１０時１６分頃までの間、第三者名義の証券口座で自己の計算において、バイセル株式合計１４００株を買付価額合計３４０万４００円で買い付けたものである。 （２）違反行為事実Ｂ 遅くとも同月１１日までに、被推奨者に対し、上記各事実の公表がされる前にバイセル株式の買付けをさせることにより同人に利益を得させる目的をもって、同株式の買付けをすることを勧めたものである。 被推奨者は、上記各事実の公表がされた同月２８日より前の同月１３日、バイセル株式合計２００株を買付価額合計４４万５７００円で買い付けたものである。 違反行為事実の概要については、 別図 のとおり。 課徴金納付命令対象者が行った 上記（１）の行為は、金融商品取引法第１７５条第１項に規定する「第１６６条第１項の規定に違反して、同条第１項に規定する売買等をした」行為に該当すると認められる。 上記（２）の行為は、金融商品取引法第１７５条の２第１項に規定する「第１６７条の２第１項の規定に違反して、同項の伝達をし、又は同項の買付け等をすることを勧める」行為に該当すると認められる。 ３．課徴金の額の計算 上記の違反行為に対し、金融商品取引法に基づき納付を命じられる課徴金の額は、３０３万円である。 計算方法の詳細については、 別紙 のとおり。 （別図） ○違反行為事実の概要について （クリックすると拡大されます） （別紙） ○課徴金の額の計算方法について １．違反行為事実Ａに係る課徴金の額 （１）金融商品取引法第１７５条第１項第２号の規定により、当該有価証券の買付けについて、業務等に関する重要事実の公表がされた後２週間における最も高い価格（4,440円）に当該有価証券の買付けの数量を乗じて得た額から、当該有価証券の買付けをした価格にその数量を乗じて得た額を控除した額。 （4,440円×1,400株） －(2,153円×200株＋2,184円×200株＋2,335円×400株＋2,590円×200株＋2,700円×200株＋2,705円×200株） ＝2,815,600円 （２）金融商品取引法第１７６条第２項の規定により、上記（１）で計算した額の１万円未満の端数を切捨て、2,810,000円となる。 ２．違反行為事実Ｂに係る課徴金の額 （１）金融商品取引法第１７５条の２第１項第３号の規定により、当該違反行為により当該情報受領者等が行った当該買付けによって得た利得相当額に２分の１を乗じて得た額。 利得相当額とは、同条第３項第２号の規定により、情報受領者等が特定有価証券等の買付けをした場合、当該特定有価証券等の買付けについて、業務等に関する重要事実の公表がされた後２週間における最も高い価格（4,440円）に当該特定有価証券等の買付けの数量を乗じて得た額から、当該特定有価証券等の買付けをした価格にその数量を乗じて得た額を控除した額。 {(4,440円×200株） －(2,228円×100株＋2,229円×100株)}×1/2 ＝221,150円 （２）金融商品取引法第１７６条第２項の規定により、上記（１）で計算した額の１万円未満の端数を切捨て、220,000円となる。 ３．上記１．及び２．により算定した額の合計 2,810,000円＋220,000円＝3,030,000円となる。"
2023-03-24,ＪＥＳＣＯホールディングス株式会社,1434,ＪＥＳＣＯホールディングス株式ほか１銘柄に係る相場操縦に対する課徴金納付命令の勧告について,https://www.fsa.go.jp/sesc/news/c_2023/2023/20230324-1.html,"English version 令和５年３月24日 証券取引等監視委員会 ＪＥＳＣＯホールディングス株式ほか１銘柄に係る相場操縦に対する課徴金納付命令の勧告について １．勧告の内容 証券取引等監視委員会は、ＪＥＳＣＯホールディングス株式ほか１銘柄に係る相場操縦について検査した結果、下記のとおり法令違反の事実が認められたので、本日、内閣総理大臣及び金融庁長官に対して、金融庁設置法第２０条第１項の規定に基づき、課徴金納付命令を発出するよう勧告を行った。 ２．法令違反の事実関係 課徴金納付命令対象者は、 （1）　ＪＥＳＣＯホールディングス株式会社の株式につき、同株式の売買を誘引する目的をもって、別表１記載のとおり、令和３年３月１７日午後１時４６分頃から同月３０日午後１時２８分頃までの間、１０取引日にわたり、自身が発注した売り注文に対し買い注文を発注して対当させたり、直前の約定値より高い指値の買い注文を発注して、他の投資者が発注した売り注文を買い付けることにより直前の約定値より株価を引き上げたりするなどの方法により、同株式合計１２万６６００株を買い付ける一方、同株式合計１２万４８００株を売り付け、 （2）　株式会社シンシアの株式につき、同株式の売買を誘引する目的をもって、別表２記載のとおり、令和３年５月６日午前９時１分頃から同月１３日午前９時２１分頃までの間、６取引日にわたり、自身が発注した売り注文に対し買い注文を発注して対当させたり、直前の約定値より高い指値の買い注文を発注して、他の投資者が発注した売り注文を買い付けることにより直前の約定値より株価を引き上げたりするなどの方法により、同株式合計５万８１００株を買い付ける一方、同株式合計５万８６００株を売り付け、 もって、それぞれ、自己の計算において、上記各株式の売買が繁盛であると誤解させ、かつ、上記各株式の相場を変動させるべき一連の売買をしたものである。 違反行為事実の概要については、 別図 のとおり。 課徴金納付命令対象者が行った上記の各行為は、金融商品取引法第１７４条の２第１項に規定する「第１５９条第２項第１号の規定に違反する一連の有価証券売買等」に該当すると認められる。 ３．課徴金の額の計算 上記の各違反行為に対し金融商品取引法に基づき納付を命じられる課徴金の額の合計は、266万円である。 計算方法の詳細については、 別紙 のとおり。 ４．その他 本件については、日本取引所自主規制法人より提供された情報等を参考として、実態解明を行ったものである。 （クリックすると拡大されます） （別図） ○違反行為事実の概要について （クリックすると拡大されます） （別紙） ○課徴金の額の計算方法について １． 別表１及び２ の各違反行為に係る課徴金の額の計算の基礎は以下のとおりである。 (1) 金融商品取引法第１７４条の２第１項の規定により、当該違反行為に係る課徴金の額は、 ア．当該違反行為に係る有価証券の売買対当数量に係るものについて、自己の計算による当該有価証券の売付け等の価額から、自己の計算による当該有価証券の買付け等の価額を控除した額 及び イ．当該違反行為に係る自己の計算による有価証券の買付け等の数量が、当該違反行為に係る自己の計算による有価証券の売付け等の数量を超える場合、当該違反行為が終了してから１月を経過するまでの間の各日における当該違反行為に係る有価証券の売付け等についての金融商品取引法第６７条の１９又は第１３０条に規定する最高の価格のうち最も高い価格に当該超える数量を乗じて得た額から当該超える数量に係る有価証券の買付け等の価額を控除した額 の合計額として算定。 (2) 上記(1)で算定された課徴金の額につき、金融商品取引法第１７６条第２項の規定により１万円未満の端数を切り捨てて算定。 ２． 別表１ に掲げるＪＥＳＣＯホールディングス株式に係る取引 (1) 当該違反行為に係る自己の計算による有価証券の売付け等の数量は、124,800株であり、当該違反行為に係る自己の計算による有価証券の買付け等の数量は、126,600株であることから、 ア．当該違反行為に係る有価証券の売買対当数量（124,800株）に係るものについて、自己の計算による当該有価証券の売付け等の価額から、自己の計算による当該有価証券の買付け等の価額を控除した額 （有価証券の売付け等の価額：74,998,200円） －（有価証券の買付け等の価額：73,299,100円） ＝1,699,100円 及び イ．当該違反行為に係る自己の計算による有価証券の買付け等の数量（126,600株）が、当該違反行為に係る自己の計算による有価証券の売付け等の数量（124,800株）を超えていることから、当該違反行為が終了してから１月を経過するまでの間の各日における当該違反行為に係る有価証券の売付け等についての金融商品取引法第６７条の１９又は第１３０条に規定する最高の価格のうち最も高い価格（677円）に当該超える数量1,800株（買付け等の数量126,600株－売付け等の数量124,800株）を乗じて得た額（ａ）から、当該超える数量に係る有価証券の買付け等の価額（ｂ）を控除した額 （a：1,218,600円）－（b：1,141,100円） ＝77,500円 の合計額1,776,600円となる。 (2) 金融商品取引法第１７６条第２項の規定により、上記(1)で計算した額の１万円未満の端数を切捨て、1,770,000円となる。 ３． 別表２ に掲げるシンシア株式に係る取引 (1) 当該違反行為に係る自己の計算による有価証券の売付け等の数量は、58,600株であり、当該違反行為に係る自己の計算による有価証券の買付け等の数量は、実際の買付け等の数量58,100株に、金融商品取引法第１７４条の２第８項及び金融商品取引法施行令第３３条の１３第１号の規定により、違反行為の開始時にその時における価格（834円）で買付け等を自己の計算においてしたものとみなされる当該違反行為の開始時に所有している有価証券の数量800株を加えた58,900株であることから、 ア．当該違反行為に係る有価証券の売買対当数量（58,600株）に係るものについて、自己の計算による当該有価証券の売付け等の価額から、自己の計算による当該有価証券の買付け等の価額を控除した額 （有価証券の売付け等の価額：52,722,300円） －（有価証券の買付け等の価額：51,830,900円） ＝891,400円 及び イ．当該違反行為に係る自己の計算による有価証券の買付け等の数量（58,900株）が、当該違反行為に係る自己の計算による有価証券の売付け等の数量（58,600株）を超えていることから、当該違反行為が終了してから１月を経過するまでの間の各日における当該違反行為に係る有価証券の売付け等についての金融商品取引法第６７条の１９又は第１３０条に規定する最高の価格のうち最も高い価格（925円）に当該超える数量300株（買付け等の数量58,900株－売付け等の数量58,600株）を乗じて得た額（ａ）から、当該超える数量に係る有価証券の買付け等の価額（ｂ）を控除した額 （a：277,500円）－（b：274,300円） ＝3,200円 の合計額894,600円となる。 (2) 金融商品取引法第１７６条第２項の規定により、上記（1）で計算した額の１万円未満の端数を切捨て、890,000円となる。 ４．上記２．及び３．により算定した額の合計 ２．の額1,770,000円　＋　３．の額890,000円 ＝2,660,000円となる。 ※　違反行為に係る売付け等の価額及び買付け等の価額の詳細については、 別表３ を参照。 別表３（PDF）"
2023-03-03,総合メディカルホールディングス株式会社,,総合メディカルホールディングス株式会社株券及び株式会社スペースバリューホールディングス株券に係る内部者取引事件の告発について,https://www.fsa.go.jp/sesc/news/c_2023/2023/20230303-1.html,English version 令和５年３月３日 証券取引等監視委員会 総合メディカルホールディングス株式会社株券及び 株式会社スペースバリューホールディングス株券に係る 内部者取引事件の告発について 証券取引等監視委員会は、本日、金融商品取引法違反（内部者取引）の嫌疑で、嫌疑者１名を東京地方検察庁に告発した。告発の対象となった犯則事実については下記のとおり。 １．告発の対象となった犯則事実 犯則嫌疑者Ａは、ポラリス・キャピタル・グループ株式会社（以下「ポラリス」という。）に勤務していたものであるが 第１　令和元年１２月上旬頃、その職務に関し、ポラリスの業務執行を決定する機関が、東京証券取引所に株券を上場していた総合メディカルホールディングス株式会社（以下「総合メディカル」という。）株券の公開買付けを行うことについての決定をした旨の公開買付けの実施に関する事実を知り、法定の除外事由がないのに、同事実の公表前である令和２年１月中旬頃から同年２月上旬頃までの間、証券会社を介し、東京証券取引所において、自己名義で、総合メディカルの株券合計２０００株を代金合計約４２０万円で買い付け 第２　令和３年９月下旬頃、その職務に関し、ポラリスの業務執行を決定する機関が、東京証券取引所に株券を上場していた株式会社スペースバリューホールディングス（以下「スペースバリュー」という。）株券の公開買付けを行うことについての決定をした旨の公開買付けの実施に関する事実を知り、法定の除外事由がないのに、同事実の公表前である同年１１月上旬頃から同月中旬頃までの間、証券会社を介し、東京証券取引所等において、自己名義で、スペースバリューの株券合計２万７０００株を代金合計約２３９０万円で買い付け たものである。 ２．関連条文 金融商品取引法 第１９７条の２第１３号、第１６７条第１項第１号 法定刑：５年以下の懲役若しくは５００万円以下の罰金又はこれを併科
令和５年１月27日,,,証券取引等監視委員会 中期活動方針（第11期：2023年～2025年）の公表について,https://www.fsa.go.jp/sesc/news/c_2023/2023/20230127-1.html,PDF版（日本語） 本文 概要 PDF版（英語） Full text Point 証券取引等監視委員会 中期活動方針 （第11期：2023年～2025年） ～時代の変化に対応し、 信頼される公正・透明な市場のために～ 2023（令和５）年１月27日 証券取引等監視委員会 証券監視委の使命 的確・適切な市場監視 １ による １．市場の公正性・透明性の確保及び投資者保護の実現 ２．資本市場の健全な発展への貢献 ３．国民経済の持続的な成長への貢献 証券監視委は、取引の公正を図り、市場に対する投資者の信頼を保持することを目的として平成４年に設置され、今般、節目となる30周年を迎えるとともに、第11期 ２ が発足しました。 この間、累次の制度改正等により、市場監視権限の充実・強化が図られるとともに、新たな商品・取引等の出現により、市場監視対象の拡大・複雑化・高度化・グローバル化が進展しました。加えて、足下、新型コロナウイルス感染症や地政学リスクの高まり、経済安全保障を巡る情勢等により、市場を取り巻く環境は大きく変化しているほか、第11期の期間中においても、新たな環境変化が生じる可能性もあります。 証券監視委は、こうした大きな環境変化の中で、市場に対する幅広い監視、課徴金調査・検査や証券検査といった行政機能の迅速な発揮、重大・悪質な事案に対する厳正な対処、といった機能を引き続き適時適切に活用することで、自らの使命を果たしてまいります。 具体的には、以下のとおり、「Ⅰ．網羅的な市場監視に向けた情報収集・分析」「Ⅱ．効果的・効率的な調査・検査」「Ⅲ．市場規律強化に向けた実効的な取組み」の好循環の実現に努めてまいります。また、市場監視の専門機関としての能力を向上させ、市場監視の好循環の礎とします。 具体的な施策 Ⅰ ．網羅的な市場監視に向けた情報収集・分析 (1)有用情報の収集 証券監視委の市場監視業務にとって「情報」は要であり、情報提供窓口・自主規制機関等を通じて、市場全体について幅広く有用な情報を収集し、活用します。 市場監視の過程で得られた有用な情報や知見を集約・分析・蓄積し、必要に応じ金融庁・財務局等とも共有するなど、市場監視全般に多面的・複線的に活用します。 (2)市場の変化等の適切な把握・分析 株式市場と債券市場、現物市場とデリバティブ市場、発行市場と流通市場等の市場全体に日常的に目を向けるとともに、国内外の市場環境の変化を適時に把握・分析することで、問題の未然防止・早期発見につなげます。 市場・上場企業を取り巻く環境変化や制度見直しの進展等を踏まえつつ、新たな商品・取引や監視の目の行き届きにくい商品・取引、上場企業による開示の充実に向けた取組み等へ的確に対応し、市場監視の空白を作らない取組みを行います。 (3)国際連携の強化 証券監督者国際機構（IOSCO）等の国際的な枠組みを通じた情報共有を進め、グローバルな市場監視を強化するとともに、海外当局との積極的な連携を通じて、法執行事例等の情報や市場監視に係る問題意識等を交換し、市場監視に活用します。 Ⅱ ．効果的・効率的な調査・検査 (4)リスクベースアプローチに基づく証券検査 金融商品取引業者等について、監督部局や財務局等と連携しつつ、リスクベースで検査先を選定し、実質的に意味のある検証や問題点の指摘に努めます。問題が認められた場合、事案の全体像を把握し、その根本原因を究明することにより、自主的な改善の促進を通じて、再発防止・未然防止につなげます。 (5)不公正取引や開示規制違反への迅速な対応 課徴金納付命令勧告を視野に入れた調査・検査の迅速な実施により、不公正取引や開示規制違反の実態を解明します。事案の全体像を把握し、根本原因を究明した上で、当事者等との深度ある議論を通じて、再発防止・未然防止につなげます。 クロスボーダーの法令違反行為やグローバル企業の開示規制違反に対しては、海外当局と連携しつつ、事案の特質に応じた調査・検査を行います。 (6)重大・悪質事案への告発等による厳正な対応 違反行為のうち重大で悪質なものについては、犯則調査の権限を行使し、厳正に対応します。その際、捜査・訴追当局や海外当局等の関係機関と連携し、実態の解明や責任追及を効果的に行います。 (7)投資者被害事案に対する積極的な取組み 顧客本位の業務運営の確保等を通じた多様な投資者の保護の観点から、金融商品の不適切な販売・勧誘等に対する証券検査や、国内外に拠点を有し無登録で金融商品取引業を行う者及び無届で有価証券の募集等を行う者に対する裁判所への禁止命令等の申立て等、投資者被害事案に対して積極的に取り組みます。 (8)非定型・新類型の事案等に対する対応力強化 証券監視委として過去に勧告・告発等した類型にも引き続き対応しつつ、市場を取り巻く環境変化等も踏まえ、市場の公正性を脅かしかねない非定型・新類型の事案等（例えば、潜脱的な大量保有・買付け、新たな類型の偽計等）についても、積極的に対応します。 Ⅲ ．市場規律強化に向けた実効的な取組み (9)情報発信の強化 投資者被害の未然防止等に資するよう、投資者への注意喚起等の情報発信を充実させます。 個別事案や事例集の公表等において、事案の意義、内容及び問題点を明確にした、具体的で分かりやすい情報発信を行います。これにより、意図せざるものを含む法令違反・不適切行為の未然防止や、情報提供窓口・自主規制機関等を通じた一層の情報収集につなげます。 (10)関係機関との更なる連携強化 市場の構造的な問題を把握した場合には、より良い市場環境の整備に向け、積極的な貢献を行います。 共通の目的を有する自主規制機関等が一層主体的な役割を果たせるよう、情報・問題意識を適時に共有するなど連携を強化し、市場監視の実効性を高めていきます。 市場監視の専門機関としての能力向上 〇 デジタル技術を活用した市場監視業務の高度化・効率化 市場監視業務の高度化・効率化を図るため、取引監視システム等における一層のデジタル化やデータ処理力の更なる向上を図るとともに、デジタルフォレンジック技術の一層の向上及び情報システムの高度化を推進します。 〇 職員の戦略的な育成・活用等 市場監視の力の源泉は職員であり、職員誰もがいきいきと働き、全ての職員が能力を最大限に発揮できるよう環境整備を進めます。 証券監視委の使命を適切に果たしていくため、高度な専門性と幅広い視点を持った職員の育成に引き続き取り組みます。 その上で、こうした職員の能力と、法律、会計、システム、不動産、金融工学等の多様な専門家の知見とを結集し、関係機関とも連携して、複雑化・高度化する市場に対応していきます。 〇 財務局との協働・連携の推進 市場の公正性・透明性の確保や投資者保護の実現には、各地において市場監視機能の一翼を担う財務局との協働・連携が不可欠であり、証券検査をはじめとする様々な分野において更なる情報共有を進め意思疎通をしっかりと確保し、一体的な業務運営を図っていきます。 １ 市場監視とは、市場モニタリング、取引審査、証券検査、取引調査、開示検査、犯則調査等を含む、証券監視委の活動全般を指す。 ２ 証券監視委の委員長及び委員の任期は３年とされており（金融庁設置法第13条第1項）、この３年の期間を「１期」と呼んでいる。
2023-02-28,OS-Laugh Marketing,,Mt.light（MTL）の代表者１名による金融商品取引法違反行為に係る裁判所の禁止及び停止命令の発令について,https://www.fsa.go.jp/sesc/news/c_2023/2023/20230228-2.html,English version 令和５年２月28日 証券取引等監視委員会 Mt.light（MTL）の代表者１名による金融商品取引法違反行為に係る裁判所の禁止及び停止命令の発令について 証券取引等監視委員会が令和４年12月９日に行ったMt.light（以下「MTL」という。）（法人の実在としてはマレーシアのラブアン島に所在するOS-Laugh Marketing Ltd.）のPresident（代表者）として活動している山本紘士（やまもとこうじ、以下「山本」という。）に対する金融商品取引法違反行為（無登録で、店頭デリバティブ取引を業として行うこと）の禁止及び停止を命ずるよう求める申立てについて、本日、東京地方裁判所より下記の命令が下された。 記 被申立人は、金融商品取引法２９条所定の登録（ただし、業務の種別を第一種金融商品取引業とするもの）その他同法所定の適式の登録を受けずに、店頭デリバティブ取引（ただし、同法２条２２項１号に掲げる取引（顧客取引を結了する目的の範囲内で行うものを除く。）に限る。）を業として行ってはならない。 以上 上記のとおり、 裁判所は、山本の行為が金融商品取引法違反行為（無登録で、店頭デリバティブ取引を業として行うこと）であると認め、当該行為を行うことの禁止及び停止を命令しました 。 MTLの顧客及び一般投資家の皆様は、以下の 【MTLの顧客の皆様へ】 及び 【一般投資家の皆様へ】 も、併せてご確認ください。 （参考） Mt.light（MTL）の代表者１名による金融商品取引法違反行為に係る裁判所への禁止及び停止命令発出の申立てについて 【MTLの顧客の皆様へ】 〇 東京地方裁判所は、Mt.light（以下「MTL」という。）のPresident（代表者）として活動している山本紘士（以下「山本」という。）が金融商品取引法違反行為（無登録で、店頭デリバティブ取引を業として行うこと）を行っていたことを認め、当該行為の禁止及び停止を命令しました（令和５年２月28日）。 〇 山本及びOS-Laugh Marketing Ltd.（以下「OS社」という。）（MTL）は、金融商品取引業の登録等を受けた業者ではありません。 〇　OS社（MTL）がFX取引を行う顧客を獲得するに当たっては、複数の勧誘代理店が勧誘行為を行っていることが確認されています。 〇　OS社（MTL）や勧誘代理店は、顧客にMTLのウェブサイト上の口座開設フォームからMTL証券口座を開設させ、合同会社イーコレペイメント（以下「イーコレ社」という。）名義の銀行口座に証拠金を入金するだけで、MTLFXという自動売買システムに基づき自動的に運用が行われ、安定的な利益を上げられるなどとして勧誘を行っていました。 〇　MTLFXのことを、アポロンないしはアポロンライトと称して勧誘している代理店がありますが、いずれも、MTLFXと同じものです。 〇　顧客の証拠金の預入先であるイーコレ社の銀行口座には、FX取引の証拠金名目以外の入金はないとされていますが、同銀行口座から40億円を超える額が山本の個人口座又は山本の関係会社口座に送金されていることが確認されています。 〇 【一般投資家の皆様へ】 も、併せてご確認ください。 【一般投資家の皆様へ】 〇　無登録業者が、実際には契約内容のとおりの取引を行っていなかったなどのトラブルが多発しています。無登録業者には、金融庁の監督権限が及ばず、投資者保護規定に基づく処分等が行えませんので、ご注意ください。 〇　仮に、海外当局の登録を受けた業者であったとしても、当該海外当局は、他国民との取引について監督指導等を行わないことや、金融庁と同等の監督権限がないことなどがあります。海外当局の登録を受けたことをもって日本と同等の投資者保護を担保するものではありません。 〇 一般に、無登録業者は、実際には契約内容のとおりの取引を行っていない商品であったとしても、返金等を希望する顧客に対し、他の顧客の投資資金を交付することで、返金等に応じることがあります。これまでに返金等を受けることができていたとしても、そのことをもって、直ちに当該商品が信頼できるとは言えませんので、ご注意ください。 〇 日本で登録を受けずに金融商品取引業を行うことは違法です。 取引の相手方が登録を受けているか、 こちら でご確認ください。 また、無登録で金融商品取引業を行っているとして、金融庁（財務局）が警告を行った者の名称等は、 こちら をご確認ください。 〇　外国為替証拠金取引（FX取引）についての注意点は、 こちら をご確認ください。 (クリックすると拡大されます。)
2023-02-28,株式会社Ｎ・フィールド社員から伝達,,株式会社Ｎ・フィールド社員から伝達を受けた者による内部者取引及び当該社員による公開買付けの実施に関する事実に係る伝達行為に対する課徴金納付命令の勧告について,https://www.fsa.go.jp/sesc/news/c_2023/2023/20230228-1.html,"English version 令和5年2月28日 証券取引等監視委員会 株式会社Ｎ・フィールド社員から伝達を受けた者による内部者取引及び当該社員による公開買付けの実施に関する事実に係る伝達行為に対する課徴金納付命令の勧告について １．勧告の内容 証券取引等監視委員会は、株式会社Ｎ・フィールド社員から伝達を受けた者による内部者取引及び当該社員による公開買付けの実施に関する事実に係る伝達行為について検査した結果、下記のとおり法令違反の事実が認められたので、本日、内閣総理大臣及び金融庁長官に対して、金融庁設置法第２０条第１項の規定に基づき、課徴金納付命令を発出するよう勧告を行った。 ２．法令違反の事実関係 （１）課徴金納付命令対象者(1)について 課徴金納付命令対象者(1)は、株式会社Ｎ・フィールド（以下「Ｎ社」という。令和３年６月１８日上場廃止。）の社員であった課徴金納付命令対象者(2)から、同人がその職務に関しユニゾン・キャピタル株式会社からの伝達により知った、同社の業務執行を決定する機関がＮ社株式の公開買付けを行うことについての決定をした旨の公開買付けの実施に関する事実の伝達を受けながら、上記事実の公表がされた令和３年２月５日午後３時頃より前の同月３日から同月５日午後０時３１分頃までの間、自己の計算において、Ｎ社株式合計９００株を買付価額合計７４万５９００円で買い付けたものである。 違反行為事実の概要については、 別図 のとおり。 課徴金納付命令対象者(1)が行った上記の行為は、金融商品取引法第１７５条第２項に規定する「第１６７条第３項の規定に違反して、同条第１項に規定する特定株券等若しくは関連株券等に係る買付け等をした」行為に該当すると認められる。 （２）課徴金納付命令対象者⑵について 課徴金納付命令対象者(2)は、Ｎ社の社員であったが、その職務に関し、ユニゾン・キャピタル株式会社からの伝達により、同社の業務執行を決定する機関がＮ社株式の公開買付けを行うことについての決定をした旨の公開買付けの実施に関する事実を知りながら、知人の課徴金納付命令対象者(1)に対し、上記事実の公表がされる前にＮ社株式の買付けをさせることにより同人に利益を得させる目的をもって、伝達したものであり、これにより伝達を受けた同人が、上記事実の公表がされた令和３年２月５日午後３時頃より前の同月３日から同月５日午後０時３１分頃までの間、Ｎ社株式合計９００株を買付価額合計７４万５９００円で買い付けたものである。 違反行為事実の概要については、 別図 のとおり。 課徴金納付命令対象者(2)が行った上記の行為は、金融商品取引法第１７５条の２第２項に規定する「第１６７条の２第２項の規定に違反して、同項の伝達をし、又は同項の買付け等をすることを勧める」行為に該当すると認められる。 ３．課徴金の額の計算 上記の違反行為に対し、金融商品取引法に基づき納付を命じられる課徴金の額は、下記の通りである。 課徴金納付命令対象者⑴　３４万円 課徴金納付命令対象者⑵　１７万円 計算方法の詳細については、 別紙 のとおり。 ４．その他 本件については、日本取引所自主規制法人より提供された情報等を参考として、実態解明を行ったものである。 （別図） ○違反行為事実の概要について （クリックすると拡大されます） （別紙） ○課徴金の額の計算方法について １． 課徴金納付命令対象者(1)について （１） 金融商品取引法第１７５条第２項第２号の規定により、当該有価証券の買付けについて、公開買付け等の実施に関する事実の公表がされた後２週間における最も高い価格（1,210円）に当該有価証券の買付けの数量を乗じて得た額から、当該有価証券の買付けをした価格にその数量を乗じて得た額を控除した額。 （1,210円×900株） －(823円×300株＋825円×300株＋837円×100株＋838円×100株＋840円×100株) ＝343,100円 （２） 金融商品取引法第１７６条第２項の規定により、上記（１）で計算した額の１万円未満の端数を切捨て、340,000円となる。 ２． 課徴金納付命令対象者(2)について （１） 金融商品取引法第１７５条の２第２項第３号の規定により、当該違反行為により当該情報受領者等が行った当該買付けによって得た利得相当額に２分の１を乗じて得た額。 利得相当額とは、同条第４項第２号の規定により、情報受領者等が株券等の買付けをした場合、当該株券等の買付けについて、公開買付け等の実施に関する事実の公表がされた後２週間における最も高い価格（1,210円）に当該株券等の買付けの数量を乗じて得た額から、当該株券等の買付けをした価格にその数量を乗じて得た額を控除した額。 {（1,210円×900株） －(823円×300株＋825円×300株＋837円×100株＋838円×100株＋840円×100株)} ×1/2 ＝171,550円 （２） 金融商品取引法第１７６条２項の規定により、上記（１）で計算した額の１万円未満の端数を切捨て、170,000円となる。"
