no,stock_code,stock_name,date
1,8601,大和証券株式会社,"2005/10/04,2005/10/06"
2,3068,株式会社ＷＤＩ,2007/03/19
3,9824,泉州電業株式会社,"2006/11/06,2006/09/05"
4,7421,カッパ・クリエイト株式会社,2007/03/08
5,5216,株式会社倉元製作所,"2005/11/16,2005/11/17"
6,6301,株式会社小松製作所,2005/07/04-2005/07/13
7,3796,株式会社いい生活,"2007/01/11-2007/01/30,2007/10/12-2007/10/29"
8,8214,株式会社ＡＯＫＩホールディングス,"2007/11/15,2007/11/14,2007/11/02,2007/11/07"
9,6855,日本電子材料株式会社,2007/08/06
10,1619,建設株式会社,2008/10/28-2008/10/30
11,6501,株式会社日立製作所,"2007/03/12,2009/01/14"
12,9997,株式会社ベルーナ,"2007/10/12,2007/10/17,2008/07/04,2008/07/09"
13,7241,フタバ産業株式会社,2008/10/06
14,1786,オリエンタル白石株式会社,2008/11/26
15,1301,株式会社ウィーヴ,"2009/01/09,2009/01/13"
16,8001,伊藤忠商事株式会社,2007/06/14
17,2802,味の素株式会社,"2007/06/11,2007/06/08"
18,5602,株式会社栗本鐵工所,2007/11/21
19,9972,アルテック株式会社,2008/01/09-2008/01/21
20,7725,株式会社インターアクション,2009/05/27-2009/07/06
21,2212,山崎製パン株式会社,2009/07/30
22,1301,株式会社フェヴリナ,"2009/03/09,2009/03/10"
23,7571,株式会社ヤマノホールディングス,"2008/10/10-2008/10/16,2008/10/23-2008/10/29,2008/10/07-2008/10/09"
24,4686,株式会社ジャストシステム,"2009/02/05,2009/02/06"
25,8157,都築電気株式会社,2010/07/13
26,8202,オックスホールディングス株式会社,"2006/08/11,2006/08/14,2006/08/10"
27,8202,オックスホールディングス株式会社,"2006/08/10,2006/08/15"
28,3566,株式会社ネクスト,2011/11/09
29,7240,ＮＯＫ株式会社,"2010/07/21-2010/07/30,2010/07/21-2010/07/29"
30,9501,東京電力株式会社,"2010/09/28,2010/09/27-2010/09/29"
31,5202,日本板硝子株式会社,2010/08/05-2010/08/23
32,8411,株式会社みずほフィナンシャルグループ,2010/06/24
33,2681,株式会社ゲオ,2010/02/09
34,3489,株式会社フェイス,2010/01/20
35,5352,黒崎播磨株式会社,"2008/12/26-2009/01/05,2010/01/20-2010/02/10,2010/02/02-2010/02/10"
36,5352,黒崎播磨株式会社,2010/11/10
37,6727,株式会社ワコム,2013/01/23
38,7527,株式会社システムソフト,"2012/10/24,2012/10/29,2012/10/26"
39,7744,ノーリツ鋼機株式会社,"2012/12/10,2012/12/20"
40,1860,戸田建設株式会社,2012/10/31
41,1301,株式会社,2012/10/23
42,6905,コーセル株式会社,2012/06/06-2012/06/08
43,6336,株式会社石井表記,"2011/08/23,2011/08/24"
44,7042,アクセス株式会社,2012/10/01
45,9419,株式会社ワイヤレスゲート,2013/07/19
46,3178,チムニー株式会社,2013/10/22-2013/10/24
47,8267,イオン株式会社,"2013/02/14-2013/03/05,2013/03/13,2013/03/14,2013/03/15"
48,7419,株式会社ノジマ,2013/11/15
49,5990,株式会社スーパーツール,"2013/04/15,2013/04/15-2013/04/18,2013/04/16"
50,8844,株式会社コスモスイニシア,2013/04/12-2013/04/15
51,4080,株式会社田中化学研究所,2013/03/28
52,3186,株式会社ネクス,"2013/01/09-2013/01/11,2013/01/18-2013/01/21,2013/01/21"
53,3241,株式会社ウィル,2012/11/26
54,2180,株式会社サニーサイドアップ,2013/01/22
55,8053,住友商事株式会社,"2014/09/25,2014/09/26"
56,6677,株式会社エスケーエレクトロニクス,"2013/08/02-2013/08/08,2014/05/02-2014/05/12"
57,9435,株式会社光通信,2014/11/12
58,9204,スカイマーク株式会社,"2014/07/16,2014/07/17"
59,2340,株式会社極楽湯,2014/04/15-2014/05/27
60,3807,株式会社フィスコ,2014/09/25
61,8015,豊田通商株式会社,"2014/01/14,2014/01/09,2014/01/08"
62,6391,株式会社加地テック,2013/10/24
63,2676,高千穂交易株式会社,"2016/02/02,2016/02/03"
64,5449,大阪製鐵株式会社,2015/08/03-2015/08/24
65,7771,日本精密株式会社,"2015/06/18-2015/07/09,2015/05/22,2015/05/29,2015/05/28-2015/06/19,2015/05/19,2015/07/09"
66,2193,クックパッド株式会社,2015/03/25-2015/04/17
67,6971,京セラ株式会社,2015/07/06-2015/07/30
68,3843,フリービット株式会社,"2015/01/28,2015/01/29,2015/01/30"
69,3697,株式会社ＳＨＩＦＴ,"2015/01/09,2016/01/08-2016/01/12"
70,7172,株式会社ジャパンインベストメントアドバイザー,"2015/06/29-2015/07/17,2015/11/16,2016/07/29-2016/08/10"
71,9978,株式会社文教堂グループホールディングス,2016/10/04
72,6736,サン電子株式会社,"2015/09/30,2015/10/01"
73,3407,旭化成株式会社,"2015/10/07,2015/10/09"
74,1301,株式会社,"2015/08/24,2015/08/26,2015/09/29,2015/09/17-2015/10/30,2015/10/26,2015/11/26,2015/10/01-2015/10/08"
75,3358,ワイエスフード株式会社,"2018/01/18,2018/01/19"
76,7544,株式会社スリーエフ,2017/01/26-2017/04/04
77,5491,日本金属株式会社,2017/07/26-2017/07/28
78,6817,スミダコーポレーション株式会社,2017/01/21-2017/02/10
79,1934,株式会社ユアテック,2016/10/26
80,9517,イーレックス株式会社,"2017/02/09,2017/02/10"
81,7707,プレシジョン・システム・サイエンス株式会社,"2017/03/22,2017/04/07,2017/01/23,2017/01/27"
82,6093,株式会社エスクロー・エージェント・ジャパン,"2015/07/14,2016/12/14"
83,6588,東芝テック株式会社,2015/10/19-2015/11/05
84,7183,あんしん保証株式会社,"2016/06/24-2016/07/29,2016/07/12-2016/07/29"
85,1975,朝日工業株式会社,2018/07/12-2018/07/23
86,1873,株式会社日本ハウスホールディングス,"2018/10/18,2018/10/23"
87,5357,株式会社ヨータイ,2018/02/01
88,7992,セーラー万年筆株式会社,2018/04/13-2018/04/16
89,6357,三精テクノロジーズ株式会社,2017/12/01-2018/03/26
90,3773,株式会社アドバンスト・メディア,2018/04/18
91,3185,夢展望株式会社,2017/05/08-2017/05/15
92,3671,ソフトマックス株式会社,2019/06/07
93,7187,ジェイリース株式会社,2020/05/21-2020/05/31
94,4588,オンコリスバイオファーマ株式会社,2019/03/22-2019/04/08
95,9405,朝日放送株式会社,2017/02/08
96,3686,株式会社ディー・エル・イー,2019/04/25-2019/05/09
97,6797,名古屋電機工業株式会社,2021/02/01
98,4287,株式会社ジャストプランニング,2020/05/21-2020/06/29
99,3323,レカム株式会社,2020/06/10
100,1433,テラ株式会社,2020/04/21-2020/04/30
101,1433,テラ株式会社,2020/04/11-2020/04/20
102,1433,テラ株式会社,2020/05/21-2020/05/31
103,8848,株式会社レオパレス２１,2020/09/18-2020/09/30
104,2109,三井製糖株式会社,2020/01/20-2020/02/28
105,3662,株式会社エイチーム,2021/01/14-2021/02/19
106,5631,株式会社日本製鋼所,2022/04/15-2022/04/28
107,5631,株式会社日本製鋼所,2022/04/20-2022/05/06
108,5631,株式会社日本製鋼所,2022/05/06
109,3092,株式会社ＺＯＺＯ,2019/09/10
110,4880,セルソース株式会社,2021/12/06-2021/12/07
111,7685,株式会社ＢｕｙＳｅｌｌ　Ｔｅｃｈｎｏｌｏｇｉｅｓ,"2020/08/13-2020/08/28,2020/08/13"
112,9433,ＫＤＤＩ株式会社,2024/01/29-2024/02/02
113,9433,ＫＤＤＩ株式会社,"2024/03/29,2024/04/01"
114,9433,ＫＤＤＩ株式会社,"2024/03/29,2024/04/01"
115,4436,株式会社ミンカブ・ジ・インフォノイド,"2022/09/20,2022/09/21"
116,3856,Ａｂａｌａｎｃｅ株式会社,2023/01/21-2023/01/31
117,7282,豊田合成株式会社,2023/10/30-2023/10/31
118,9090,ＣＯＭ丸和ホールディングス株式会社,"2024/01/30,2024/03/14"
119,2884,株式会社ヨシムラ・フード・ホールディングス,"2023/06/12,2023/07/20,2023/06/09-2023/07/21,2023/08/18-2023/08/21"
120,1801,大成建設株式会社,"2023/03/02,2023/03/07,2023/03/06-2023/03/07,2023/03/16,2023/03/08-2023/03/14"
121,1540,信託銀行,"2022/12/21-2023/02/10,2023/10/21-2023/11/10,2024/07/21-2024/08/10"
122,2484,株式会社出前館,2020/03/11-2020/03/26